qID,Sentence,Option1,Option2,Answer
3QHITW7OYO7Q6B6ISU2UMJB84ZLAQE-2,_ አንጀት መብላትን ስለናቀ ኢያን ጎድጓዳ ሳህን ከያዘ በኋላ የዴኒስ ሜኑዶን ለመብላት ፈቃደኛ ሆነ.,ኢያን,ዴኒስ,2
3QHITW7OYO7Q6B6ISU2UMJB84ZLAQE-1,ኢየን አንጀት መብላት ስለወደደ _ ጎድጓዳ ሳህን ከያዘ በኋላ የዴኒስ ሜኑዶን ለመብላት ፈቃደኛ ሆነ.,ኢያን,ዴኒስ,1
3XWUWJ18TLO2DDRXF83QWLKRJ29UU4-1,"ወደ መኖሪያዬ ፈጽሞ አይመጣም, ነገር ግን _ ትንሽ ስለሆነ ሁልጊዜ ወደ ቤቱ እሄዳለሁ.",መኖሪያዬ,ቤቱ,1
3XWUWJ18TLO2DDRXF83QWLKRJ29UU4-2,"ወደ መኖሪያዬ ፈጽሞ አይመጣም, ነገር ግን _ ትልቅ ስለሆነ ሁልጊዜ ወደ ቤቱ እሄዳለሁ.",መኖሪያዬ,ቤቱ,2
3D5G8J4N5CI2K40F4RZLF9OG2CKVTH-2,"ካይል አልጋ ላይ የእግር ማሞቂያዎችን አይለብስም, ሎጋን ግን ሁልጊዜ ይለብሳል ማለት ይቻላል. _ ይበልጥ ቀዝቃዛ በሆነ የአየር ጠባይ ውስጥ የመኖር ዕድሉ ከፍተኛ ነው.",ካይል,ሎጋን,2
3D5G8J4N5CI2K40F4RZLF9OG2CKVTH-1,"ካይል አልጋ ላይ የእግር ማሞቂያዎችን አይለብስም, ሎጋን ግን ሁልጊዜ ይለብሳል ማለት ይቻላል. _ በሞቃታማ የአየር ጠባይ ውስጥ የመኖር ዕድሉ ከፍተኛ ነው.",ካይል,ሎጋን,1
3DW3BNF1GHG4SV9KHVCQWF4L0K98VE-2,ጂፒኤስ እና ካርታው ወደ ቤት እንድሄድ ረድቶኛል. _ ሲገለበጥ ጠፋሁ.,ጂፒኤስ,ካርታው,2
3DW3BNF1GHG4SV9KHVCQWF4L0K98VE-1,ጂፒኤስ እና ካርታው ወደ ቤት እንድሄድ ረድቶኛል. _ ሲጠፋ ጠፋሁ.,ጂፒኤስ,ካርታው,1
3DTJ4WT8BFTH45NSFTZT1T1BND3ZEV-2,_ ከመወጣጫ ላይ ስለነበረች ኤሚሊ ቀና ብላ ተመለከተች እና ፓትሪሺያ ከፊት ስትሽቀዳደም እንዳለች አየች.,ኤሚሊ,ፓትሪሺያ,2
3DTJ4WT8BFTH45NSFTZT1T1BND3ZEV-1,_ ከመወጣጫ ስር ስለነበረች ኤሚሊ ቀና ብላ ተመለከተች እና ፓትሪሺያ ከፊት ስትሽቀዳደም እንዳለች አየች.,ኤሚሊ,ፓትሪሺያ,1
304QEQWKZRY6EBUR5DPX06S39IH0OJ-2,የግምጃ ቤት ሰራተኞች የወርቅ አሞሌዎቹን ከመጫኛው ላይ አውጥተው _ ባዶ እስኪሆን ድረስ በካዝናው ውስጥ ደረደሩዋቸው.,ካዝናው,መጫኛው,2
304QEQWKZRY6EBUR5DPX06S39IH0OJ-1,የግምጃ ቤት ሰራተኞች የወርቅ አሞሌዎቹን ከመጫኛው ላይ አውጥተው _ እስኪሞላ ድረስ በካዝናው ውስጥ ደረደሩዋቸው.,ካዝናው,መጫኛው,1
36FFXPMSTB2HPB0N3LWI6YRLWWHHOX-1,"እሱ ወደ መደብሩ የሚያደርሰው ማራኪውን መንገድ  ለመውሰድ ጊዜ እንዳለው አሰበ, ነገር ግን _ በመገንባት ላይ ነበር.",መንገዱ,መደብሩ,1
36FFXPMSTB2HPB0N3LWI6YRLWWHHOX-2,"እሱ ወደ መደብሩ የሚያደርሰው ማራኪውን መንገድ  ለመውሰድ ጊዜ እንዳለው አሰበ, ነገር ግን _ ቀደም ብሎ ተዘግቷል.",መንገዱ,መደብሩ,2
37SOB9Z0SUBUPIQRB8ROANMHJ463L8-2,የእንጨት ወንበሯን አቧራ ማጽዳት ምን ያህል እንደሚያናድዳት አስታውሳ በምትኩ የፕላስቲክ ጠረጴዛ ገዛች. _ን ማጽዳት ፈጣን ነው.,ወንበር,ጠረጴዛ,2
37SOB9Z0SUBUPIQRB8ROANMHJ463L8-1,የእንጨት ወንበሯን አቧራ ማጽዳት ምን ያህል እንደሚያናድዳት አስታውሳ በምትኩ የፕላስቲክ ጠረጴዛ ገዛች. _ን ማጽዳት ጊዜ የሚወስድ ነው.,ወንበር,ጠረጴዛ,1
3D1UCPY6GINZAB68HJIK5I0BYMV83E-2,"የባህሪ አድሎአዊነትን ለማሸነፍ, _ ድርጊቶች በፍቃደኝነት የሚደረጉ በመሆናቸው ከንቃተ-ህሊናዊ ውጪ ያሉ ድርጊቶች ይልቅ ንቃተ-ህሊናዊ እርምጃዎችን መለወጥ ላይ የበለጠ ትኩረት ማድረግ አለብን.",ከንቃተ-ህሊናዊ ውጪ,ንቃተ-ህሊናዊ,2
3D1UCPY6GINZAB68HJIK5I0BYMV83E-1,"የባህሪ አድሎአዊነትን ለማሸነፍ, _ ድርጊቶች በፍቃደኝነት የሚደረጉ ባለመሆናቸው ከንቃተ-ህሊናዊ ውጪ ያሉ ድርጊቶች ይልቅ ንቃተ-ህሊናዊ እርምጃዎችን መለወጥ ላይ የበለጠ ትኩረት ማድረግ አለብን.",ከንቃተ-ህሊናዊ ውጪ,ንቃተ-ህሊናዊ,1
3R5LWXWHR2MQJOJ4K61W4B6CS5OGXO-2,ሜጋን ከጄሲካ በጣም ያነሰ ገንዘብ አላት ምክንያቱም _ የአሸናፊውን የሎተሪ ቲኬት ገዝታለች.,ሜጋን,ጄሲካ,2
3R5LWXWHR2MQJOJ4K61W4B6CS5OGXO-1,ሜጋን ከጄሲካ በጣም የበለጠ ገንዘብ አላት ምክንያቱም _ የአሸናፊውን የሎተሪ ቲኬት ገዝታለች.,ሜጋን,ጄሲካ,1
3NRZ1LDP7W4677DB493437C7D3WZP2-2,ለመክሰስ የሚሆን የኦቾሎኒ እና የዘቢብ ከረጢት አነሳሁ. የበለጠ ጣፋጭ መክሰስ ስለፈለግኩ _ን ለአሁኑ አስቀምጬዋለሁ.,ዘቢብ,ኦቾሎኒ,2
3NRZ1LDP7W4677DB493437C7D3WZP2-1,ለመክሰስ የሚሆን የኦቾሎኒ እና የዘቢብ ከረጢት አነሳሁ. የበለጠ ጣፋጭ መክሰስ ፈልጌ ስለነበር _ን ለአሁን በልቼዋለሁ.,ዘቢብ,ኦቾሎኒ,1
3X55NP42EOE5ME6IJ28VZ67STRW3P5-1,ክሬግ ሁል ጊዜ ማጽዳትን ይወዳል ነገር ግን ዴሪክ አያደርገውም ምክንያቱም _ በጣም ንጹህ ስለሆነ ነው.,ክሬግ,ዴሪክ,1
3X55NP42EOE5ME6IJ28VZ67STRW3P5-2,ክሬግ ሁል ጊዜ ማጽዳትን ይወዳል ነገር ግን ዴሪክ አያደርገውም ምክንያቱም _ በጣም ዝርክርክ ስለሆነ ነው.,ክሬግ,ዴሪክ,2
3JHB4BPSFMNRVHVKKM0UIMOWRR29QT-1,ዴኒስ ምስማሮችን ለመምታት መዶሻውን ለሮበርት ሰጠው. _ ብዙ መዶሻ ነበረው.,ዴኒስ,ሮበርት,1
3JHB4BPSFMNRVHVKKM0UIMOWRR29QT-2,ዴኒስ ምስማሮችን ለመምታት መዶሻውን ለሮበርት ሰጠው. _ መዶሻ አልነበረውም.,ዴኒስ,ሮበርት,2
3DGDV62G7O7G1WAZF2UQGW20SY82PG-2,ድግሱ ከቀብር ሥነ ሥርዓቱ የበለጠ አስደሳች እና የሚያነቃቃ ነበር ምክንያቱም _ ጥብቅ ነበር.,ድግሱ,ቀብር ሥነ ሥርዓቱ,2
3DGDV62G7O7G1WAZF2UQGW20SY82PG-1,ድግሱ ከቀብር ሥነ ሥርዓቱ የበለጠ አስደሳች እና የሚያነቃቃ ነበር ምክንያቱም _ ተለዋዋጭ ነበር.,ድግሱ,ቀብር ሥነ ሥርዓቱ,1
3VW0145YLYAAMPBUU78QY9UMP3VMJ1-2,ዝይዎቹ ከጫካው ይልቅ በሜዳ ላይ ጎጆ መስራትን ይመርጣሉ ምክንያቱም በ _ አዳኞች የበለጠ ድብቅ ይሆናሉ.,ሜዳ,ጫካ,2
3VW0145YLYAAMPBUU78QY9UMP3VMJ1-1,ዝይዎቹ ከጫካው ይልቅ በሜዳ ላይ ጎጆ መስራትን ይመርጣሉ ምክንያቱም በ _ አዳኞች በግልጽ የሚታዩ ናቸው.,ሜዳ,ጫካ,1
3IWA71V4TKUOMVUY8TSASKTOZ3UX63-2,"ተክሉ በማስቀመጫው ውስጥ በጣም ብዙ ቦታ ወሰደ, ምክንያቱም _ ትንሽ ነበር.",ተክሉ,ማስቀመጫው,2
3IWA71V4TKUOMVUY8TSASKTOZ3UX63-1,"ተክሉ በማስቀመጫው ውስጥ በጣም ብዙ ቦታ ወሰደ, ምክንያቱም _ ትልቅ ነበር.",ተክሉ,ማስቀመጫው,1
3M7OI89LVYMLP8KWXZKNM9K59J76CX-1,አዲስ የወፍ ቤት ውጭ ከመሬት በላይ አስቀመጥኩኝ. ነገር ግን _ በጣም ዝቅተኛ ስለነበር ከድመቴ አርቄ ከፍ ማድረግ ነበረብኝ.,የወፍ ቤት,መሬት,1
3M7OI89LVYMLP8KWXZKNM9K59J76CX-2,አዲስ የወፍ ቤት ውጭ ከመሬት በላይ አስቀመጥኩኝ. ነገር ግን _ በጣም ከፍተኛ ስለነበር ከድመቴ አርቄ ከፍ ማድረግ ነበረብኝ.,የወፍ ቤት,መሬት,2
3INZSNUD80OICJS8V2IAQPTPKLFD95-2,ከመዋኛ ገንዳው ይልቅ ስፓን እመርጣለሁ ምክንያቱም በ _ ውስጥ ያለው ቀዝቃዛ ውሃ በቀኑ መጨረሻ ላይ ዘና አያደርግም.,ስፓ,መዋኛ ገንዳ,2
3INZSNUD80OICJS8V2IAQPTPKLFD95-1,ከመዋኛ ገንዳው ይልቅ ስፓን እመርጣለሁ ምክንያቱም በ _ ውስጥ ያለው ሙቅ ውሃ በቀኑ መጨረሻ ላይ ዘና ያደርጋል.,ስፓ,መዋኛ ገንዳ,1
3B9J25CZ27R56VH0OAZQFC45F2ESCA-2,ሜጋን እንደ ኤሌና ያለ ሜካፕ መውጣት ነጻ እንደሚያወጣ ተናግራለች. _ ከቤት ስትወጣ መዋቢያ ተቀብታ አታውቅም.,ሜጋን,ኤሌና,2
3B9J25CZ27R56VH0OAZQFC45F2ESCA-1,ሜጋን እንደ ኤሌና ያለ ሜካፕ መውጣት ነጻ እንደሚያወጣ ተናግራለች. _ ከቤት ስትወጣ መዋቢያ ትቀባለች.,ሜጋን,ኤሌና,1
38G0E1M85OJHKHF44WPVK5AIL6SUV4-1,ዶናልድ ከሌስሊ የበለጠ ሀብታም ነበር ምክንያቱም ኩባንያዎች በ _ ንብረት ላይ የነዳጅ ዘይት በማግኘታቸው ነው.,ዶናልድ,ሌስሊ,1
38G0E1M85OJHKHF44WPVK5AIL6SUV4-2,ዶናልድ ከሌስሊ የበለጠ ድሀ ነበር ምክንያቱም ኩባንያዎች በ _ ንብረት ላይ የነዳጅ ዘይት በማግኘታቸው ነው.,ዶናልድ,ሌስሊ,2
3THR0FZ95R7JB7JDU6BGYQKRCK0OLW-2,"ረቂቅ የተሰማው ዊልያም,  ለፊት በሩ _ ቅርብ ስለነበር የፊት በሩን እንዲዘጋው ኒልን ጠየቀው.",ዊሊያም,ኒል,2
3THR0FZ95R7JB7JDU6BGYQKRCK0OLW-1,"ረቂቅ የተሰማው ዊልያም, ለፊት በሩ _ ሩቅ ስለነበር የፊት በሩን እንዲዘጋው ኒልን ጠየቀው.",ዊሊያም,ኒል,1
3SV8KD29L4Q5WGGVRHYW7QQ8EEZZKB-2,ሊንሴይ የዳክዬ ጣዕም ትወዳለች. ነበር ነገር ግን ሜጋን ዶሮን የበለጠ ትወዳለች. _ የኩንግ ፓኦ ዶሮን ለእራት አዘዘች.,ሊንሴይ,ሜጋን,2
3SV8KD29L4Q5WGGVRHYW7QQ8EEZZKB-1,ሊንሴይ የዳክዬ ጣዕም ትወዳለች. ነበር ነገር ግን ሜጋን ዶሮን የበለጠ ትወዳለች. _ ፔኪንግ ዳክዬን ለእራት አዘዘች.,ሊንሴይ,ሜጋን,1
3RSBJ6YZEE4XBF9H8V8I3DF7F0UFOM-2,_ ታማኝ ደንበኛ ስለነበረች ለሜጋን ለመሸጥ በእያንዳንዱ ጊዜ ኤሌና ከመደብሩ ጀርባ ያለውን የእነርሱን ክምችት እቃ ታመጣ ነበር.,ኤሌና,ሜጋን,2
3RSBJ6YZEE4XBF9H8V8I3DF7F0UFOM-1,_ ነጋዴ ስለነበረች ለሜጋን ለመሸጥ በእያንዳንዱ ጊዜ ኤሌና ከመደብሩ ጀርባ ያለውን የእነርሱን ክምችት እቃ ታመጣ ነበር.,ኤሌና,ሜጋን,1
3TCFMTM8HEMDK4RXU0J0F0K2KZI21L-2,"ኬኔት ዴኒስን ዳንሱ የሚካሄደው ስንት ሰዓት እንደሆነ ጠየቀው, ነገር ግን _ ረስቶት ነበር.",ኬኔት,ዴኒስ,2
3TCFMTM8HEMDK4RXU0J0F0K2KZI21L-1,"ኬኔት ዴኒስን ዳንሱ የሚካሄደው ስንት ሰዓት እንደሆነ ጠየቀው, ምክንያቱም _ ረስቶት ነበር.",ኬኔት,ዴኒስ,1
3S4TINXCC217YYX13TMMKNON1TXBOG-1,"ኤሪክ ለኒይል ሁሉንም ተገቢ የሰውነት ማፍታቻ ዘዴዎች እያስተማረ ነበር, ምክንያቱም _ ክፍያ ለማግኘት ይጠቀምባቸው ነበር.",ኤሪክ,ኒይል,1
3S4TINXCC217YYX13TMMKNON1TXBOG-2,"ኤሪክ ለኒይል ሁሉንም ተገቢ የሰውነት ማፍታቻ ዘዴዎች እያስተማረ ነበር, ምክንያቱም _ ጥሩ የሰውነት ቅርፅ ለማግኘት ይጠቀምባቸው ነበር.",ኤሪክ,ኒይል,2
36MUZ9VAE8GE14IWNBAWA1I8ZL8DE5-2,"ቤት ስትገዛ ፓትሪሺያ እንደ ታንያ ብዙ ገንዘብ ስለሌላት, _ ባለ 5 መኝታ ቤት መኖሪያ ገዛች.",ፓትሪሺያ,ታንያ,2
36MUZ9VAE8GE14IWNBAWA1I8ZL8DE5-1,"ቤት ስትገዛ ፓትሪሺያ እንደ ታንያ ብዙ ገንዘብ ስለሌላት, _ ባለ 1 መኝታ ቤት መኖሪያ ገዛች.",ፓትሪሺያ,ታንያ,1
3E9ZFLPWOYQPLQQSQWPZXPVKJR3IXG-2,"በእጄ ቦርሳ ውስጥ ለማስቀመጥ ትንሽ የፀጉር መንቀያ መግዛት ፈልጌ ነበር, ግን አሁንም ኣልገጠሙም. _ በጣም ትንሽ ነበር.",የፀጉር መንቀያ,የእጄ ቦርሳ,2
3E9ZFLPWOYQPLQQSQWPZXPVKJR3IXG-1,"በእጄ ቦርሳ ውስጥ ለማስቀመጥ ትንሽ የፀጉር መንቀያ መግዛት ፈልጌ ነበር, ግን አሁንም ኣልገጠሙም. _ በጣም ትልቅ ነበር.",የፀጉር መንቀያ,የእጄ ቦርሳ,1
3PCPFX4U40OL22NQ3AOM0KMZ1FFFQD-1,ድንገተኛ ሁኔታዎችን ማስተናገድ ለኬቨን በፍፁም ከባድ አልነበረም ነገር ግን ለኔልሰን ከባድ ነበር ምክንያቱም _ በውጥረት ጊዜ መረጋጋት ይችላል.,ኬቨን,ኔልሰን,1
3PCPFX4U40OL22NQ3AOM0KMZ1FFFQD-2,ድንገተኛ ሁኔታዎችን ማስተናገድ ለኬቨን በፍፁም ከባድ አልነበረም ነገር ግን ለኔልሰን ከባድ ነበር ምክንያቱም _ በውጥረት ጊዜ መረጋጋት አልቻለም.,ኬቨን,ኔልሰን,2
3P4C70TRMTVVJU2F6NY8THBPLKALGF-1,"ምንም እንኳን _ ባትፈልግም ምክንያቱ የወር አበባ ጽዋዎችን ወደ መጠቀም ስለቀየረች, ኤሚሊ እህቷን ሳራን ከሱቁ የሆኑ ታምፖኖች ወይም ፓድ ያስፈልጋት እንደሆነ ጠየቀቻት.",ኤሚሊ,ሳራ,1
3P4C70TRMTVVJU2F6NY8THBPLKALGF-2,"ነገር ግን _ ባትፈልግም ምክንያቱ የወር አበባ ጽዋዎችን ወደ መጠቀም ስለቀየረች, ኤሚሊ እህቷን ሳራን ከሱቁ የሆኑ ታምፖኖች ወይም ፓድ ያስፈልጋት እንደሆነ ጠየቀቻት.",ኤሚሊ,ሳራ,2
3R6RZGK0XHQY1QZ9EXMKNQGVHU3YV6-2,"ከታንያ በተለየ መልኩ, ኤሌና በአበባ ብናኝ ምክኒያት በጣም አጣዳፊ የሆነ ሳል ነበራት,  _ ከአለርጂዎች ነፃ ነበረች.",ኤሌና,ታንያ,2
3R6RZGK0XHQY1QZ9EXMKNQGVHU3YV6-1,"ከታንያ በተለየ መልኩ, ኤሌና በአበባ ብናኝ ምክኒያት በጣም አጣዳፊ የሆነ ሳል ነበራት, _ በአለርጂዎች ተጠቂ ነበረች.",ኤሌና,ታንያ,1
3HJ1EVZS2OHQYRMXWUCK4177UA4R37-1,"ሬቤካ ኤሚን በየቀኑ ለስራ ወደ መኪና ፑል ትወስድ ነበር, ስለዚህ _ የተወሰነ የጋዝ ገንዘብ ጠየቀች.",ሬቤካ,ኤሚ,1
3HJ1EVZS2OHQYRMXWUCK4177UA4R37-2,"ሬቤካ ኤሚን በየቀኑ ለስራ ወደ መኪና ፑል ትወስድ ነበር, ስለዚህ _ የተወሰነ የጋዝ ገንዘብ ሰጠች.",ሬቤካ,ኤሚ,2
3BDORL6HKKBEBRIGPNNLX4B158XCRH-2,ጄኒፈር የዓይን ቀለም እንዴት መቀባት እንዳለባት እንደማታውቅ በጥንቃቔ ለኤሪን ተናገረች. _ አረጋጊ ነበረች.,ጄኒፈር,ኤሪን,2
3BDORL6HKKBEBRIGPNNLX4B158XCRH-1,ጄኒፈር የዓይን ቀለም እንዴት መቀባት እንዳለባት እንደማታውቅ በጥንቃቔ ለኤሪን ተናገረች. _ አፍራ ነበር.,ጄኒፈር,ኤሪን,1
34D9ZRXCYT8HDGK24W3Z9HEIG7ISAG-1,ሰራተኞቹ ድግስ አዘጋጅተው አልኮል ጠጥተው በማግስቱ ወደ ሥራ መግባት አልቻሉም. _ ጮክ ብሎ ነበር.,ድግሱ,አልኮሉ,1
34D9ZRXCYT8HDGK24W3Z9HEIG7ISAG-2,ሰራተኞቹ ድግስ አዘጋጅተው አልኮል ጠጥተው በማግስቱ ወደ ሥራ መግባት አልቻሉም. _ በጣም ብዙ ነበር.,ድግሱ,አልኮሉ,2
39WSF6KUV2JQBCAETMCCTX6ZAD1OEF-2,ፖላንድ ከገባ በኋላ ዴኒስ ከጄሰን የበለጠ ጉዞውን ያስደስተው ነበር ምክንያቱም _ ስለ ፖላንድ ቋንቋ ጥልቀት የሌለው ግንዛቤ ነበረው.,ዴኒስ,ጄሰን,2
39WSF6KUV2JQBCAETMCCTX6ZAD1OEF-1,ፖላንድ እንደገባ ዴኒስ ከጄሰን የበለጠ ጉዞውን ያስደስተው ነበር ምክንያቱም _ ስለ ፖላንድ ቋንቋ ጠለቅ ያለ ግንዛቤ ነበረው.,ዴኒስ,ጄሰን,1
3CMV9YRYP5F5AWSGETJBQU35DCRLJJ-1,"ቤንጃሚን ለዮሴፍ የነደፈው ቤት ቆንጆ ነበር, ስለዚህ _ በፖርትፎሊዮው ተጠቅሞበታል.",ቤንጃሚን,ጆሴፍ,1
3CMV9YRYP5F5AWSGETJBQU35DCRLJJ-2,"ለቤንጃሚን በዮሴፍ የተነደፈው ቤት ውብ ነበር, ስለዚህ _ ለፖርትፎሊዮው ተጠቅሞበታል.",ቤንጃሚን,ጆሴፍ,2
3YLTXLH3DF4KGMDHYNXX3082HG2HPN-2,ጆን ጎድጓዳ ሳህኑን ሞልቶ ያለውን አሳ በምድጃው ላይ ወዳለው የጋለ ድስት ውስጥ _ እስኪሞላ ድረስ አፈሰሰው.,ጎድጓዳ ሳህኑ,ድስቱ,2
3YLTXLH3DF4KGMDHYNXX3082HG2HPN-1,ጆን ጎድጓዳ ሳህኑን ሞልቶ ያለውን አሳ በምድጃው ላይ ወዳለው የጋለ ድስት ውስጥ _ ባዶ እስኪሆን ድረስ አፈሰሰው.,ጎድጓዳ ሳህኑ,ድስቱ,1
3L1EFR8WWVJU4S5B66P06NKJLV1F9S-2,ሱ ሜዲቴሽን ለመለማመድ ስለፈለገች ከክፍሏ ጋር ወደ ጂም ሄደች ነገር ግን _ ተጠቃሚ በዝቶበት ነበር.,ክፍሏ,ጂም,2
3L1EFR8WWVJU4S5B66P06NKJLV1F9S-1,ሱ ሜዲቴሽን ለመለማመድ ስለፈለገች ከክፍሏ ጋር ወደ ጂም ሄደች ነገር ግን _ በጣም ዘግይቷል.,ክፍሏ,ጂም,1
3MDKGGG61QL2BPM7JLFDBJK9SLJ6TJ-2,ናታሊ ከቤቲ በተቃራኒ ኤመራልዶች የሚያምሩ እንቁዎች እንደሆኑ ስለምታስብ _ ትልቅ አልማዝ ያለበት የአንገት ሀብል ገዛች.,ናታሊ,ቤቲ,2
3MDKGGG61QL2BPM7JLFDBJK9SLJ6TJ-1,ናታሊ ከቤቲ በተቃራኒ ኤመራልዶች የሚያምሩ እንቁዎች እንደሆኑ ስለምታስብ _ ትልቅ ኤምራልድ ያለበት የአንገት ሀብል ገዛች.,ናታሊ,ቤቲ,1
3XEIP58NL21VABXKWFMXEORVWA4ZLI-1,በቅርብ ጊዜው ጉዞው ከቤንጃሚን ጋር ገዳይ የሆነ ተኩስ ካደረገ በኋላ አሮን የአደን ጠመንጃውን በእቶኑ ላይ ሰቀለ _ ለእሱ ደስተኛ ነበር .,አሮን,ቤንጃሚን,1
3XEIP58NL21VABXKWFMXEORVWA4ZLI-2,በቅርብ ጊዜው ጉዞው ከቤንጃሚን ጋር ገዳይ የሆነ ተኩስ ካደረገ በኋላ አሮን የአደን ጠመንጃውን በእቶኑ ላይ ሰቀለ _ በራሱ ደስተኛ ነበር .,አሮን,ቤንጃሚን,2
3K3G488TR26T05U1XYBDE8VMH5FQ5S-2,"ኬቨን ከኒክ የበለጠ በአካል ሁለገብ ነው, ምክንያቱም _ ተጎድቶ አልጋ ላይ የተኛ አትሌት ነው.",ኬቨን,ኒክ,2
3K3G488TR26T05U1XYBDE8VMH5FQ5S-1,"ኬቨን ከኒክ የበለጠ በአካል ሁለገብ  ነው, ምክንያቱም _ በስልጠና ላይ ያለ አትሌት ነው.",ኬቨን,ኒክ,1
3DQYSJDTYL9D5LO6UDZ8CAXSMH5XES-1,አዳም በእጅ ብቻ የሚታጠቡ ልብሶችን በማጠቢያ ውስጥ አስቀመጠ  _ ሰነፍ ስለነበር አሮን ግን በእጁ አጠባቸው.,አዳም,አሮን,1
3DQYSJDTYL9D5LO6UDZ8CAXSMH5XES-2,አዳም በእጅ ብቻ የሚታጠቡ ልብሶችን በማጠቢያ ውስጥ አስቀመጠ _  ህሊና ያለው ስለነበር አሮን ግን በእጁ አጠባቸው.,አዳም,አሮን,2
3QGHA0EA0JY09I7WAH1W9JD0AKWWBC-2,ካይል የአፕሪኮትን ጣዕም ይወዳል ነገር ግን ማቲው ፕሪምን በተሻለ ይወዳል. _ የፕሪም ወቅት እስኪደርስ መጠበቅ አልቻለም.,ካይል,ማቲው,2
3QGHA0EA0JY09I7WAH1W9JD0AKWWBC-1,ካይል የአፕሪኮትን ጣዕም ይወዳል ነገር ግን ማቲው ፕሪምን በተሻለ ይወዳል. _ የአፕሪኮት ወቅት እስኪደርስ መጠበቅ አልቻለም.,ካይል,ማቲው,1
3RTFSSG7T84CMRT81UQQNM95RWELWX-2,"ዴሪክ ከጀስቲን በተለየ መልኩ በስራው ላይ ትኩረት ማድረግ አልቻለም, ምክንያቱም _ አዝናኝ ስራ ነበረው.",ዴሪክ,ጀስቲን,2
3RTFSSG7T84CMRT81UQQNM95RWELWX-1,"ዴሪክ ከጀስቲን በተለየ መልኩ በስራው ላይ ትኩረት ማድረግ አልቻለም, ምክንያቱም _ አሰልቺ ስራ ነበረው.",ዴሪክ,ጀስቲን,1
3Z33IC0JC0K460SUMNI4WBZWKULV9S-2,"አቬሪ ከላቲን ይልቅ ጀርመንኛ ቋንቋ ለመማር ይከራከር ነበር, ምክንያቱም _ የበለጠ አዲስ ቋንቋ ነበር.",ላቲን,ጀርመንኛ,2
3Z33IC0JC0K460SUMNI4WBZWKULV9S-1,"አቬሪ ከላቲን ይልቅ ጀርመንኛ ቋንቋ ለመማር ይከራከር ነበር, ምክንያቱም _ የጥንት ቋንቋ ነበር.",ላቲን,ጀርመንኛ,1
31JUPBOORN21WQXQ3RAK966J43ML8G-2,"ኬይላ ከቤቲ ይልቅ በአንድ ጊዜ ከብዙ ሰዎች ጋር የፍቅር ግንኙነት ነበራት, ምክንያቱም _ ክፍት ግንኙነት ነበራት.",ኬይላ,ቤቲ,2
31JUPBOORN21WQXQ3RAK966J43ML8G-1,"ኬይላ ከቤቲ ይልቅ በአንድ ጊዜ ከብዙ ሰዎች ጋር የፍቅር ግንኙነት ነበራት, ምክንያቱም _ አንድ ለአንድ የተወሰነ ግንኙነት ነበራት.",ኬይላ,ቤቲ,1
3WKGUBL7SZK0DPAOROK7SUQE73EL4A-1,ስቲቨን ለማይክል በዚህ በጋ እራሱን ያሳደገውን ማንጎ በኩራት አሳየው. _ ታታሪ ነው.,ስቲቨን,ማይክል,1
3WKGUBL7SZK0DPAOROK7SUQE73EL4A-2,ስቲቨን ለማይክል በዚህ በጋ እራሱን ያሳደገውን ማንጎ በኩራት አሳየው. _ ተደነቀ.,ስቲቨን,ማይክል,2
3QGTX7BCHRGH8MUZ4S6QXZVYAK4Z5U-1,"ጆል የጻፈው ደብዳቤ በአዳም እየተነበበ ነው, ስለዚህ ጸሃፊው_ ነው.",ጆል,አዳም,1
3QGTX7BCHRGH8MUZ4S6QXZVYAK4Z5U-2,"ጆል የጻፈው ደብዳቤ በአዳም እየተነበበ ነው, ስለዚህ _ አራሚው ነው.",ጆል,አዳም,2
3P4ZBJFX2XH5GOIJZHZSK7STICEFW3-1,"ካይል ከኒክ ይልቅ በትልልቅ የሰዎች ስብስብ ፊት ለመናገር ይመቸዋል, ምክንያቱም _ በኮሌጅ የህዝብ ንግግር ኮርሶችን ወስዷል.",ካይል,ኒክ,1
3P4ZBJFX2XH5GOIJZHZSK7STICEFW3-2,"ካይል ከኒክ ይልቅ በትልልቅ የሰዎች ስብስብ ፊት ለመናገር ይመቸዋል, ምክንያቱም _ በኮሌጅ የህዝብ ንግግር ኮርሶችን አልወሰደም.",ካይል,ኒክ,2
34OWYT6U3WFZKU8UNGJLHM92CQ3I9S-2,በሐይቅ ውስጥ ኤሚሊ እርቃኗን ስትዋኝ ፌሊሺያ ሙሉ ሰውነትን የሚሸፍን የመዋኛ ልብስ መረጠች. _ሰውነቷን ለማሳየት በጣም ትፈራለች.,ኤሚሊ,ፌሊሺያ,2
34OWYT6U3WFZKU8UNGJLHM92CQ3I9S-1,በሐይቅ ውስጥ ኤሚሊ እርቃኗን ስትዋኝ ፌሊሺያ ሙሉ ሰውነትን የሚሸፍን የመዋኛ ልብስ መረጠች. _ሰውነቷን ለማሳየት ነጻ ናት.,ኤሚሊ,ፌሊሺያ,1
33K3E8REWWTWWKEFHAD8K016GUUX8H-2,_ በጣም ጠንካራ ስለነበር የሳራ ጄን ሰዓት መጽሐፉ ሲመታው ተሰበረ.,ሰአቱ,መጽሃፉ,2
33K3E8REWWTWWKEFHAD8K016GUUX8H-1,_ በጣም ተሰባሪ ስለነበር የሳራ ጄን ሰዓት መጽሐፉ ሲመታው ተሰበረ.,ሰአቱ,መጽሃፉ,1
3WPCIUYH1A61WY1MT8NRHPU19DUTDY-1,"ዮሴፍ ለሥራ ሲባል በደንብ የተስተካከለ ጥፍሮች ሊኖረው ይገባ ነበር, ግን ኬቨን እንዲህ ማድረግ ኣያስፈልገውም, ምክንያቱም _ በባንክ ይሰራ ነበር.",ጆሴፍ,ኬቨን,1
3WPCIUYH1A61WY1MT8NRHPU19DUTDY-2,"ዮሴፍ ለሥራ ሲባል በደንብ የተስተካከለ ጥፍሮች ሊኖረው ይገባ ነበር, ግን ኬቨን እንዲህ ማድረግ ኣያስፈልገውም, ምክንያቱም _ እርሻ ላይ ይሰራ ነበር.",ጆሴፍ,ኬቨን,2
3XAOZ9UYR1596CSPG9L13G6DTFDQ10-2,"ጎልፍ በመጫወት ላይ ሳሉ ምክንያቱ _ መሬትን አጥብቆ የሚይዝ ጫማ ስላረገ ዴኒስ ጭቃው ውስጥ ሲወድቅ, ክሪስቶፈር ግን ሚዛኑን ጠበቀ.",ዴኒስ,ክሪስቶፈር,2
3XAOZ9UYR1596CSPG9L13G6DTFDQ10-1,"ጎልፍ በመጫወት ላይ ሳሉ _ አዳላጭ ጫማ ስላረገ ዴኒስ ጭቃው ውስጥ ሲወድቅ, ክሪስቶፈር ግን ሚዛኑን ጠበቀ.",ዴኒስ,ክሪስቶፈር,1
3G9UA71JVX86VB3EAZI17PL5KCMJ7G-2,"ዝናቡን እንደተቆጣጠርኩት እርጥበቱን መቆጣጠር አልቻልኩም, ምክንያቱም _ በአንድ ቦታ እየገባ ነበር.",እርጥበቱ,ዝናቡ,2
3G9UA71JVX86VB3EAZI17PL5KCMJ7G-1,"ዝናቡን እንደተቆጣጠርኩት እርጥበቱን መቆጣጠር አልቻልኩም, ምክንያቱም _ በየቦታው እየገባ ነበር.",እርጥበቱ,ዝናቡ,1
3R6RZGK0XHQY1QZ9EXMKNQGWJ4SVYG-1,"ሌስሊ ከዴሪክ አንጻር አዳዲስ ጫማዎችን መግዛት ትወዳለች, ምክንያቱም _ ፋሽን መከታተል ትወዳለች.",ሌስሊ,ዴሪክ,1
3R6RZGK0XHQY1QZ9EXMKNQGWJ4SVYG-2,"ሌስሊ ከዴሪክ አንጻር አዳዲስ ጫማዎችን መግዛት ትወዳለች, ምክንያቱም _ ፋሽን መከታተል አይወድም.",ሌስሊ,ዴሪክ,2
3SU800BH886PF9JNIXVLEIBA4ORQU4-2,ጄሲካ ሳንድስቶርም ከመቼውም ጊዜ የበለጠ ምርጥ ዘፈን እንደሆነ ብታስብም ፓትሪሻ ግን ጠላችው. _ የጃዝ ኮንሰርት ትኬት ገዛች.,ጄሲካ,ፓትሪሻ,2
3SU800BH886PF9JNIXVLEIBA4ORQU4-1,ጄሲካ ሳንድስቶርም ከመቼውም ጊዜ የበለጠ ምርጥ ዘፈን እንደሆነ ብታስብም ፓትሪሻ ግን ጠላችው. _ የዳሩድ ሬቭ ትኬት ገዛች.,ጄሲካ,ፓትሪሻ,1
3EHVO81VN5JHZUUFDLM724Q4E0O1HV-2,ቢል _ ባዶ እስኪሆን ድረስ ሙሉውን አይብ የያዘውን ጎድጓዳ ሳህን ወደ አፉ ኣፈሰሰ.,አፉ,ጎድጓዳ ሳህኑ,2
3EHVO81VN5JHZUUFDLM724Q4E0O1HV-1,ቢል _ እስኪሞላ ድረስ ሙሉውን አይብ የያዘውን ጎድጓዳ ሳህን ወደ አፉ ኣፈሰሰ.,አፉ,ጎድጓዳ ሳህኑ,1
3126F2F5F818WCMF8MPRIXBPP0LEPF-2,ቤን በየሳምንቱ እግር ኳስ እና ቦውሊንግ ይጫወት ነበር. ሆኖም ግን እጁን ስለጎዳ _ መጫወት ይቀለው ነበር.,ቦውሊንግ,እግር ኳስ,2
3126F2F5F818WCMF8MPRIXBPP0LEPF-1,ቤን በየሳምንቱ እግር ኳስ እና ቦውሊንግ ይጫወት ነበር. ሆኖም ግን እጁን ስለጎዳ _ መጫወት ይከብደው ነበር.,ቦውሊንግ,እግር ኳስ,1
3J94SKDEKINZBWQWSC5TE9ONT9BD5S-1,_ ውሻውን ብዙ ምግብ ስለሚመግብ ኒክ ከክሬግ ውሻ የሚበልጥ ውሻ ነበረው.,ኒክ,ክሬግ,1
3J94SKDEKINZBWQWSC5TE9ONT9BD5S-2,_ ውሻውን ብዙ ምግብ ስለሚመግብ ኒክ ከክሬግ ውሻ የሚያንስ ውሻ ነበረው.,ኒክ,ክሬግ,2
33CLA8O0MI9LE32QGPDM5AW4X5DRFU-1,_ ብዙ እፅዋት ስለነበራት በቪክቶሪያ ግቢ ውስጥ ከነበረው ይልቅ በክርስቲን ጓሮ ውስጥ የበለጠ ጥላ ነበር .,ክርስቲን,ቪክቶሪያ,1
33CLA8O0MI9LE32QGPDM5AW4X5DRFU-2,_ አነስተኛ እፅዋት ስለነበራት በቪክቶሪያ ግቢ ውስጥ ከነበረው ይልቅ በክርስቲን ጓሮ ውስጥ የበለጠ ጥላ ነበር .,ክርስቲን,ቪክቶሪያ,2
3OND0WXMHYTVDKNY97TM1MX6R3AHE7-2,ካይል ቸኮሌት እና ከረሜላ ሲወድ ስቲቨን ኮምጣጤ እና ሎሚዎችን ይወዳል. _ ኮምጣጣ ምግቦችን ይወዳል.,ካይል,ስቲቨን,2
3OND0WXMHYTVDKNY97TM1MX6R3AHE7-1,ካይል ቸኮሌት እና ከረሜላ ሰወድ ስቲቨን ኮምጣጤ እና ሎሚዎችን ይወዳል. _ ጣፋጭ ምግቦችን ይወዳል.,ካይል,ስቲቨን,1
3MA5N0ATTC912LBQGUEP8MWQ2XXKWJ-2,ቤንጃሚን ጤናማ ያልሆኑ ጣፋጭ ምግቦችን ከብሬት የበለጠ ደጋግሞ ስለሚበላ _ ጠንካራ መንፈስ ነበረው.,ቤንጃሚን,ብሬት,2
3MA5N0ATTC912LBQGUEP8MWQ2XXKWJ-1,ቤንጃሚን ጤናማ ያልሆኑ ጣፋጭ ምግቦችን ከብሬት የበለጠ ደጋግሞ ስለሚበላ _ ደካማ መንፈስ ነበረው.,ቤንጃሚን,ብሬት,1
3QHITW7OYO7Q6B6ISU2UMJB89I2AQ2-1,ኤሪክ አርብ ማታ አብረው ፊልም እኒዲያዩ ማይክልን ጠየቀው. ምክንያቱም _ በራስ መተማመን ነበርው.,ኤሪክ,ማይክል,1
3QHITW7OYO7Q6B6ISU2UMJB89I2AQ2-2,ኤሪክ አርብ ማታ አብረው ፊልም እኒዲያዩ ማይክልን ጠየቀው. ምክንያቱም _ ቆንጆ ነበር.,ኤሪክ,ማይክል,2
3M4KL7H8KVL125AYH2V35D1E5OH167-2,"ኤሚ የበረኪና ሽታ ትጠላች, ነገር ግን ኬይላ ለፅዳት ሁል ጊዜ ትጠቀምበታለች ስለዚህ _ በትንሹ ለመጠቀም ትሞክራለች.",ኤሚ,ኬይላ,2
3M4KL7H8KVL125AYH2V35D1E5OH167-1,"ኤሚ የበረኪና ሽታ ትጠላች, ነገር ግን ኬይላ ለፅዳት ሁል ጊዜ ትጠቀምበታለች ስለዚህ _ በጽዳት ጊዜ ከቤት ትወጣለች.",ኤሚ,ኬይላ,1
3R5OYNIC2C7ALV4CYHEMHJBQSB1PTB-2,_ ስለዋሸው ኤሪክ በድንጋጤ ኒልን ተመለከተና በሀይል ምላሽ መስጠት ጀመረ.,ኤሪክ,ኒል,2
3R5OYNIC2C7ALV4CYHEMHJBQSB1PTB-1, _ እንደተከዳ ስለተሰማው ኤሪክ በድንጋጤ ኒልን ተመለከተና በኃይል ምላሽ መስጠት ጀመረ.,ኤሪክ,ኒል,1
3PN6H8C9R4OWH22DN8WAMK49Q47DAW-2,ማቲው የተበሳበትን ቦታ ሲያሰፋ ከጄፍሪ በተለየ መልኩ ቅባት ተጠቅሟል. ስለዚህ  _ ለምን ብዙ የህመም ስሜት እንደተሰማው መረዳት ይቻላል.,ማቲው,ጄፍሪ,2
3PN6H8C9R4OWH22DN8WAMK49Q47DAW-1,ማቲው የተበሳበትን ቦታ ሲያሰፋ ከጄፍሪ በተለየ መልኩ ቅባት ተጠቅሟል. ስለዚህ  _ ለምን ትንሽ የህመም ስሜት እንደተሰማው መረዳት ይቻላል.,ማቲው,ጄፍሪ,1
3XWUWJ18TN4H72Q4Z6FQOJ8Z7XHUU9-2,ሳማንታ የመልካም ምኞት ካርድ ወደ ሆስፒታል አምጥታለች. ነገር ግን ኤሚሊ ረሳችው. ምክንያቱም _ ስራ በዝቶባት ነበር.,ሳማንታ,ኤሚሊ,2
3XWUWJ18TN4H72Q4Z6FQOJ8Z7XHUU9-1,ሳማንታ የመልካም ምኞት ካርድ ወደ ሆስፒታል አምጥታለች. ነገር ግን ኤሚሊ ረሳችው. ምክንያቱም _ አሳቢ ነበረች.,ሳማንታ,ኤሚሊ,1
3ZXNP4Z39TZCQ1REDKUEN4YXNY17L9-2,ጄሲካ የእጅ ጓንትዋን አውልቃ ለካትሪና ሰጠቻት. ምክንያቱም የ_ እጆች ቀዝቅዘው ነበር.,ጄሲካ,ካትሪና,2
3ZXNP4Z39TZCQ1REDKUEN4YXNY17L9-1,ጄሲካ የእጅ ጓንትዋን አውልቃ ለካትሪና ሰጠቻት. ምክንያቱም የ_ እጆች ሞቀው ነበር.,ጄሲካ,ካትሪና,1
306W7JMRYYWPJHBECELQV3AESDU8BA-2,ክሱ ኩባንያውን ኪሳራ ውስጥ በመክተቱ ሜሪ የደረጃ እድገት ስታገኝ ሜጋን ከሥራዋ እንድትለቅ ተደርጋለች._ የሃሴት እና ደስታ ስሜት ተሰማት.,ሜጋን,ሜሪ,2
306W7JMRYYWPJHBECELQV3AESDU8BA-1,ክሱ ኩባንያውን ኪሳራ ውስጥ በመክተቱ ሜሪ የደረጃ እድገት ስታገኝ ሜጋን ከሥራዋ እንድትለቅ ተደርጋለች. _የጭንቀት እና የተስፋ መቁረጥ ስሜት ተሰማት.,ሜጋን,ሜሪ,1
3YZ7A3YHR77K7A8L90CI16YWOEW5S8-1,የጆን ሰርተፍኬት ከጂም ዲግሪ ያነሰ ጥቅም አለው ምክንያቱም _ ከአነስተኛ ዩኒቨርሲቲ የተገኘ ነው.,ሰርተፍኬት,ዲግሪ,1
3YZ7A3YHR77K7A8L90CI16YWOEW5S8-2,የጆን ሰርተፍኬት ከጂም ዲግሪ ያነሰ ጥቅም አለው ምክንያቱም _ ከከፍተኛ ዩኒቨርሲቲ የተገኘ ነው.,ሰርተፍኬት,ዲግሪ,2
3ZG552ORAOI80562LCFPEMFR4LT2VU-2,_ ለቀጠሮአቸው ተገቢ ቦታ መስሎ ስለታያቸው ክዳንሱ ይልቅ ወደ ፊልሙ ለመሄድ ወስነዋል.,ዳንሱ,ፊልም,2
3ZG552ORAOI80562LCFPEMFR4LT2VU-1,_ ለቀጠሮአቸው ተገቢ ቦታ መስሎ ስላልታያቸው ክዳንሱ ይልቅ ወደ ፊልሙ ለመሄድ ወስነዋል.,ዳንስ,ፊልም,1
3D0LPO3EADD3B6QCDL06SYMNLVWOY8-1,"ቴርሞስታቱ የሚያሳየው ምድር ቤቱ ከፎቁ በሃያ ዲግሪ ቀዝቀዝ ያለ ነበር, ስለዚህ ባይሮን ሞቆት ስለነበር በ_ ውስጥ ቆየ.",ምድር ቤት,ፎቅ,1
3D0LPO3EADD3B6QCDL06SYMNLVWOY8-2,"ቴርሞስታቱ የሚያሳየው ምድር ቤቱ ከፎቁ በሃያ ዲግሪ ቀዝቀዝ ያለ ነበር, ስለዚህ ባይሮን በርዶት ስለነበር በ_ ውስጥ ቆየ.",ምድር ቤት,ፎቅ,2
3NZ1E5QA61FLQORJYEQNBHOVJVI5BM-1,ማይክል በአዲሱ ጀልባው ክሬግ ወደ ውሃው ሊወስድ ፈለገ. _የጀልባውን አነዳድ ማሳየት አስደሳች እንደሚሆን ተናግሯል.,ማይክል,ክሬግ,1
3NZ1E5QA61FLQORJYEQNBHOVJVI5BM-2,ማይክል በአዲሱ ጀልባው ክሬግ ወደ ውሃው ሊወስድ ፈለገ. _የጀልባውን አነዳድ ማየት ግራ እንደሚያጋባው ተናግሯል.,ማይክል,ክሬግ,2
3LAZVA75NIPYGWYY02HBRWXADAS2O8-2,ናታሊ ለካትሪና ወደዚህ መጥተሽ የራስ ቅሌን ተመልከቺ አለቻት. _ አስተያየት መስጠት አትወድም.,ናታሊ,ካትሪና,2
3LAZVA75NIPYGWYY02HBRWXADAS2O8-1,ናታሊ ለካትሪና ወደዚህ መጥተሽ የራስ ቅሌን ተመልከቺ አለቻት. _ የተጨማሪ ሰው አስተያየት ፈልጋለች.,ናታሊ,ካትሪና,1
3421H3BM9CVA9UR7PWGLLLCBE2HJ9Y-1,ሱሺው _ ለብክለት ስለሚያጋልጠው በማቀዝቀዣው ውስጥ ካልገባ በስተቀር በጠረጴዛው ላይ ከተቀመጠ ይበሰብሳል.,ጠረጴዛ,ማቀዝቀዣ,1
3421H3BM9CVA9UR7PWGLLLCBE2HJ9Y-2,ሱሺው _ ከብክለት ስለሚከላከለው በማቀዝቀዣው ውስጥ ካልገባ በስተቀር በጠረጴዛው ላይ ከተቀመጠ ይበሰብሳል.,ጠረጴዛ,ማቀዝቀዣ,2
3WRBLBQ2GTMIMYDTHUCPVXJ2JTP0GS-1,ኮንትራቱ በእለቱ በንግዱ ላይ ሊቀረጽ አልቻለም. ምክንያቱም _ ኢምንት ነበር.,ኮንትራት,ንግድ,1
3WRBLBQ2GTMIMYDTHUCPVXJ2JTP0GS-2,ኮንትራቱ በእለቱ በንግዱ ላይ ሊቀረጽ አልቻለም. ምክንያቱም _ ትልቅ ነበር.,ኮንትራት,ንግድ,2
3I7KR83SNCR5KEXP7HGXM0COUXGK9A-1,ላውራ ሁል ጊዜ ከካትሪና ይልቅ በህይወት ውስጥ የበለጠ ተነሳሽነት እና ግቦችን ማሳካት አላማ ነበራት. ምክንያቱም _ ብሩህ ተስፋ ነበራት.,ላውራ,ካትሪና,1
3I7KR83SNCR5KEXP7HGXM0COUXGK9A-2,ላውራ ሁል ጊዜ ከካትሪና ይልቅ በህይወት ውስጥ የበለጠ ተነሳሽነት እና ግቦችን ማሳካት ነበራት. ምክንያቱም _ ሰነፍ ነበረች.,ላውራ,ካትሪና,2
3MZ3TAMYTLL5OU4GHXJ7879WIBGRIT-2,ቤን ቸኮሌት ወይም ለውዝ መብላትን ማቆም ነበረበት. ጨዋማ በመሆናቸው _ መብላት ለማቆም መረጠ.,ቸኮሌት,ለውዝ,2
3MZ3TAMYTLL5OU4GHXJ7879WIBGRIT-1,ቤን ቸኮሌት ወይም ለውዝ መብላትን ማቆም ነበረበት. ጣፋጭ በመሆናቸው _ መብላት  ለማቆም መረጠ.,ቸኮሌት,ለውዝ,1
3909MD9T21VBZOWSEH5MY1LUCSHFE2-1,ጄምስ መጽሐፉን ወደ መደርደሪያው ለማስገባት ትርፍ ቦታ ካለ እያየ ነበር. _ ትንሽ ነው.,ትርፍ ቦታ,መጽሐፍ,1
3909MD9T21VBZOWSEH5MY1LUCSHFE2-2,ጄምስ መጽሐፉን ወደ መደርደሪያው ለማስገባት ትርፍ ቦታ ካለ እያየ ነበር. _ ትልቅ ነው.,ትርፍ ቦታ,መጽሐፍ,2
3SNR5F7R947V9FYIFPB71YYMSK9EIS-1,ቀለም ሲጨርስ ጄምስ በማስታወሻው ደብተር ላይ ግጥም እየጻፈ ነበር. _ ረጅም ነው.,ግጥም,ቀለም,1
3SNR5F7R947V9FYIFPB71YYMSK9EIS-2,ቀለም ሲጨርስ ጄምስ በማስታወሻው ደብተር ላይ ግጥም እየጻፈ ነበር. _ አነስተኛ ነው.,ግጥም,ቀለም,2
34F34TZU7WXKFL71KPP6J0GOJZ2J2X-2,ጥንዶቹ _ ንፁህ ስለነበሩ ከኩባዮች ይልቅ በብርጭቆዎች ወይን ጠጅ ጠጡ.,ኩባዮች,ብርጭቆዎች,2
34F34TZU7WXKFL71KPP6J0GOJZ2J2X-1,ጥንዶቹ _ የቆሸሹ ስለነበሩ ከኩባዮች ይልቅ በብርጭቆዎች ወይን ጠጅ ጠጡ.,ኩባዮች,ብርጭቆዎች,1
37PGLWGSJVKYVFQSBBMAZTBQBYPKIX-1,ከረሜላውን መከፋፈል ፖም ከመከፋፈል የበለጠ ከባድ ነበር ምክንያቱም ሁሉም ልጅ _ ን ይፈልጋል.,ከረሜላ,ፖም,1
37PGLWGSJVKYVFQSBBMAZTBQBYPKIX-2,ከረሜላውን መከፋፈል ፖም ከመከፋፈል የበለጠ ከባድ ነበር. ምክንያቱም የትኛውም ልጅ _ ን አይፈልግም.,ከረሜላ,ፖም,2
3O4VWC1GEW49033KOP3B2ALGKZ73J0-1,ብሪያን ቤት ሆኖ የሚሰራ የአስተዳደር ረዳት መሆን ፈልጎ ነበር ኬኔት ግን ያን አይፈልግም ምክንያቱም _ ቤት ውስጥ መቆየት ይወዳል. ,ብሪያን,ኬኔት,1
3O4VWC1GEW49033KOP3B2ALGKZ73J0-2,ብሪያን ቤት ሆኖ የሚሰራ የአስተዳደር ረዳት መሆን ፈልጎ ነበር ኬኔት ግን ያን አይፈልግም ምክንያቱም _ ቤት ውስጥ መቆየት አይወድም.,ብሪያን,ኬኔት,2
3B6F54KMR2A6P38VOFY66IX6ND11SG-2,"ብሪያን ኬቨን የሚያደንቃቸው ብዙ የሳንቲሞች ስብስብ ነበረው, ስለዚህ _ አንዳንድ ቅጂዎችን እንዲሰጠው ጠየቀው.",ብሪያን,ኬቨን,2
3B6F54KMR2A6P38VOFY66IX6ND11SG-1,"ብሪያን ኬቨን የሚያደንቃቸው የሳንቲሞች ስብስብ ነበረው, ስለዚህ _ አንዳንድ ቅጂዎችን ሰጠው.",ብሪያን,ኬቨን,1
3APP19WN73SD09Z8JJS64YTSV1P6GK-2,"ምንም እንኳን _ በአጠቃላይ ራሱን አሳልፎ የሚሰጥ ቢሆንም, ዊልያም ኢየን ያዳናቸውን ጊዜዎች ሁሉ ረስቷቸዋል.",ዊልያም,ኢየን,2
3APP19WN73SD09Z8JJS64YTSV1P6GK-1,_ በኣጠቃላይ ራስ ወዳድ ስለሆነ ዊልያም ኢየን ያዳናቸውን ግዝያቶች ሁሉ ረስቷቸዋል.,ዊልያም,ኢየን,1
3CMIQF80GP44DYTMMFXIYCXU1CV6QO-2,"ካትሪና ኮሪያኛ ቋንቋን ከፊሊሺያ እየተማረች ነው, ስለዚህ _ ምናልባት በኮሪያ ተወልዳለች.",ካትሪና,ፊሊሺያ,2
3CMIQF80GP44DYTMMFXIYCXU1CV6QO-1,"ካትሪና ኮሪያኛ ቋንቋን ከፊሊሺያ እየተማረች ነው, ስለዚህ _ ምናልባት በአሜሪካ ተወልዳለች.",ካትሪና,ፊሊሺያ,1
3HEA4ZVWVF0J18AAX4ZA8VO39BB55O-2,ጄሰን የኢየንን ፓስፖርት ማመልከቻ ውድቅ አደረገ ምክንያቱም _ ትክክለኛውን ሰነድ በጊዜ አላቀረበም.,ጄሰን,ኢየን,2
3HEA4ZVWVF0J18AAX4ZA8VO39BB55O-1,ጄሰን የኢየንን ፓስፖርት ማመልከቻ ውድቅ አደረገ ምክንያቱም _ ትክክለኛው ሰነድ በጊዜ አልተቀበለም.,ጄሰን,ኢየን,1
32L724R85LIKCHO145FI3C9HHSMIPK-2,የቫኒላ እና የሻይ ዛፍ ይዘት ሽታዎችን አጣምሮ የያዘ ፈልጌ ነበር ነገር ግን እንደ ቫኒላ ይሸታል. ምክንያቱም የ _ ሽታ በጣም ደካማ ነበር.,ቫኒላ,ሻይ ዛፍ,2
32L724R85LIKCHO145FI3C9HHSMIPK-1,የቫኒላ እና የሻይ ዛፍ ይዘት ሽታዎችን አጣምሮ የያዘ ፈልጌ ነበር. ነገር ግን እንደ ቫኒላ ይሸታል. ምክንያቱም የ _ ሽታ በጣም ጠንካራ ነበር.,ቫኒላ,ሻይ ዛፍ,1
3LN50BUKPXP1W7VE96OVNQPINZBPLG-2,የ _ኳስ ለመምታት ከባድ ስለሆነ በእግር ኳስ ቡድን ውስጥ ኳስ መቺ ከመሆን በ የኣሜሪካ እግር ኳስ ቡድን ውስጥ ብጫወት እመርጣለሁ.,እግር ,የኣሜሪካ እግር,2
3LN50BUKPXP1W7VE96OVNQPINZBPLG-1,የ _ኳስ ለመምታት ቀላል ስለሆነ በእግር ኳስ ቡድን ውስጥ ኳስ መቺ ከመሆን በ የኣሜሪካ እግር ኳስ ቡድን ውስጥ ብጫወት እመርጣለሁ.,እግር ,የኣሜሪካ እግር,1
3I4E7AFQ2KXEZK1E3492KNPEER2TJB-1,ካይል አየሩ በጣም ሞቃታማ እንደሆነ ቢያስብ ዊልያም ደግሞ በጣም ቀዝቃዛ እንደሆነ አስቦ ነበር. ስለዚህ _ ሙቀቱን ቀነሰው.,ካይል,ዊልያም,1
3I4E7AFQ2KXEZK1E3492KNPEER2TJB-2,"ካይል አየሩ በጣም ሞቃታማ እንደሆነ ቢያስብ ዊልያም ደግሞ በጣም ቀዝቃዛ እንደሆነ አስቦ ነበር, ስለዚህ _ ሙቀቱን ጨመረው.",ካይል,ዊልያም,2
3PIOQ99R7YKPIN7OI7R4IQSX6RPUNM-2,"ዊልያም ለቁርስ እንቁላል ቢፈልግም ኬቨን ግን የመጨረሻውን እንቁላል በልቶታል, ስለዚህ _ የተጠበሰ ጥራጥረ ወይ እህል መስጠት ነበረበት.",ዊልያም,ኬቨን,2
3PIOQ99R7YKPIN7OI7R4IQSX6RPUNM-1,"ዊልያም ለቁርስ እንቁላል ቢፈልግም ኬቨን ግን የመጨረሻውን እንቁላል በልቶታል, ስለዚህ _ የተጠበሰ ጥራጥረ ወይ እህል  መመገብ ነበረበት.",ዊልያም,ኬቨን,1
3LN3BXKGC29BUOEEA15A2SS5J15WGU-2,ሴትየዋ _ ንፁህ ስለሆነ በመስታወት ላይ ማጽጃውን ረጭታ ጠረጴዛውን ዘለለች..,መስታወት,ጠረጴዛ,2
3LN3BXKGC29BUOEEA15A2SS5J15WGU-1,ሴትየዋ _ የቆሸሸ ስለሆነ በመስታወቱ ላይ ማጽጃውን ረጭታ ጠረጴዛውን ተወችው.,መስታወት,ጠረጴዛ,1
3JY0Q5X05LKFX2OEVW1SGP6IQKYGGF-2,ጀስቲን በእቅድ ማውጫው ውስጥ ከማቲው በተለየ መልኩ በየቀኑ አንቀፅ ይጽፋል ምክንያቱም _ ዝርክርክ ነበር.,ጀስቲን,ማቲው,2
3JY0Q5X05LKFX2OEVW1SGP6IQKYGGF-1,ጀስቲን በእቅድ ማውጫው ውስጥ ከማቲው በተለየ መልኩ በየቀኑ አንቀፅ ይጽፋል ምክንያቱም _ የተደራጀ ነበር.,ጀስቲን,ማቲው,1
3UOMW19E6D4P64KISGAIU365DNSC5H-2,"ልጆቹ በአንዱ ማሰሮ ውስጥ ያሉትን የኳሶች ብዛት ብቻ መቁጠር የቻሉት እንጂ በሌላኛው ውስጥ ያለውን ባቄላ መቁጠር አልቻሉም, ምክኒያቱም _ በጣም ብዙ ስለሆኑ ነው.",ኳስ,ባቄላ,2
3UOMW19E6D4P64KISGAIU365DNSC5H-1,ልጆቹ በአንዱ ማሰሮ ውስጥ ያሉትን የኳሶች ብዛት ብቻ መቁጠር የቻሉት እንጂ በሌላኛው ውስጥ ያለውን ባቄላ መቁጠር አልቻሉም ምክኒያቱም _ ብዛታቸው የበለጠ  ተመጣጣኝ ስለሆነ ነው.,ኳስ,ባቄላ,1
33W1NHWFYHJ4ZZ6ILQCO8HD4XV4TZX-1,ኤሪን ስራ ፈጣሪ ስትሆን ቪክቶሪያ ግን ተቀጣሪ ነች. ምክንያቱም _ የንግድ ድርጅት ባለቤት ነች.,ኤሪን,ቪክቶሪያ,1
33W1NHWFYHJ4ZZ6ILQCO8HD4XV4TZX-2,ኤሪን ስራ ፈጣሪ ስትሆን ቪክቶሪያ ግን ተቀጣሪ ነች. ምክንያቱም _ የንግድ ድርጅት ባለቤት አይደለችም.,ኤሪን,ቪክቶሪያ,2
30Y6N4AHYPUOGJOUPJIWHATJQ9LDRW-2,_ ስራ ቦታ ላይ ቆይቶ ስለሚደርስ ዴኒስ ከአዳም በፊት በስራ ቦታ ምሳውን ይበላል.,ዴኒስ,አዳም,2
30Y6N4AHYPUOGJOUPJIWHATJQ9LDRW-1,_ ስራ ቦታ ላይ ቀድሞ ስለሚደርስ ዴኒስ ከአዳም በፊት በስራ ቦታ ምሳውን ይበላል:.,ዴኒስ,አዳም,1
3ZFRE2BDQ9CBGGF2Q0DLXKYAANVZXH-1,_ በመራቡ ምክንያት የኒል ሆድ ሲንጓጓ የሳሙኤል ሆድ ግን ምንም ስሜት የለውም.,ኒል,ሳሙኤል,1
3ZFRE2BDQ9CBGGF2Q0DLXKYAANVZXH-2,_ በመጥገቡ ምክንያት የኒል ሆድ ሲንጓጓ የሳሙኤል ሆድ ግን ምንም ስሜት የለውም.,ኒል,ሳሙኤል,2
3MDWE879UJG4RBTV1434NXTX5R0B9I-2,ሎጋን ፈንጣጣ ከጆሴፍ ከተያዘ በኋላ _ ቀኑን ሙሉ ለእሱ ጥሩ ፅሁፎችን ሲልክ ውሏል.,ሎጋን,ጆሴፍ,2
3MDWE879UJG4RBTV1434NXTX5R0B9I-1,ሎጋን ፈንጣጣ ከጆሴፍ ከተያዘ በኋላ _ ቀኑን ሙሉ ለእሱ መጥፎ ፅሁፎችን ሲልክ ውሏል.,ሎጋን,ጆሴፍ,1
31ANT7FQN80GNCVYE8OJ5U3LQEB5HV-1,ሰውየው በቤቱ ውስጥ ሻንጣውን ማስቀመጥ ቢፈልግም _ በጣም ትንሽ ነበር.,ቤቱ,ሻንጣው,1
31ANT7FQN80GNCVYE8OJ5U3LQEB5HV-2,ሰውየው ሻንጣውን በቤቱ ውስጥ ማስቀመጥ ፈልጎ ነበር ነገር ግን _ በጣም ትልቅ ነበር.,ቤቱ,ሻንጣው,2
3MDWE879UJG4RBTV1434NXTX5T39BN-2,ልምዱ ለቤቲ ፈጽሞ የማይረሳ ቢሆንም ለሳማንታ ግን አልነበረም ምክንያቱም _ ለወራት ፈርታ ነበር.,ቤቲ,ሳማንታ,2
3MDWE879UJG4RBTV1434NXTX5T39BN-1,ልምዱ ለቤቲ ፈጽሞ የማይረሳ ቢሆንም ለሳማንታ ግን አልነበረም ምክንያቱም _ ለወራት በጉጉት ጠብቃው ነበር.,ቤቲ,ሳማንታ,1
3YGYP13643NCWKEEYB8Z5DTLS2KNR6-1,_ በአዲሱ ስልክ ደስተኛ ስለነበር ካይል አዲስ የሞባይል ስልክ አግኝቶ ለሌስሊ አሳያት.,ካይል,ሌስሊ,1
3YGYP13643NCWKEEYB8Z5DTLS2KNR6-2,ካይል አዲስ የሞባይል ስልክ አግኝቶ ለሌስሊ አሳያት ነገር ግን _  በአዲሱ ስልክ ተናደደች.,ካይል,ሌስሊ,2
3YLPJ8OXXARA78QKP5ZVVM9A3A94X6-1,"አንድ ሰው ቁርጠት ሲያጋጥመው በሙቅ ውሃ ገላ መታጠብ ወይም ማሞቂያ መጠቀም ይችላል, ነገር ግን _ አይመችም..",ገላ መታጠብ,ማሞቂያ,1
3YLPJ8OXXARA78QKP5ZVVM9A3A94X6-2,"አንድ ሰው ቁርጠት ሲያጋጥመው በሙቅ ውሃ ገላ መታጠብ ወይም ማሞቂያ መጠቀም ይችላል, ነገር ግን _ የበለጠ ምቹ ነው..",ገላ መታጠብ,ማሞቂያ,2
3ZQX1VYFTD392B0NGJQC1NAD4V4O8S-1,"ኒል የአዳምን ትልቅ ውሻ ለማጠብ ተስማምቷል, እና _ ለመርዳት በጣም ጓጉቷል.",ኒል,አዳም,1
3ZQX1VYFTD392B0NGJQC1NAD4V4O8S-2,"ኒል የአዳምን ትልቅ ውሻ ለማጠብ ተስማምቷል, እና _ እርዳታ ስላገኘ በጣም ተደስቶ ነበር.",ኒል,አዳም,2
3L60IFZKF5W7XUE0Z81SMPUKLT4HHD-2,ክሪኬት የሊንሴይ ተወዳጅ ጊዜ ማሳለፊያ ነው. ሬቾል ግን ሰምታ አታውቅም. _ አሜሪካዊት የመሆን እድሏ ሰፊ ነው.,ሊንሴይ,ሬቾል,2
3L60IFZKF5W7XUE0Z81SMPUKLT4HHD-1,ክሪኬት የሊንሴይ ተወዳጅ ጊዜ ማሳለፊያ ነው. ሬቾል ግን ሰምታ አታውቅም. _ ብሪታኒያዊት የመሆን እድሏ ሰፊ ነው.,ሊንሴይ,ሬቾል,1
3K8CQCU3KGFH4GV0X5I5SC12KHZNW9-1,ጄሲካ ከሞኒካ የመጣው መጣጥፍ እንደተረዳች እና እንደተዝናናች ግልጽ ነበር ምክንያቱም _ አንባቢዋ ነች.,ጄሲካ,ሞኒካ,1
3K8CQCU3KGFH4GV0X5I5SC12KHZNW9-2,ጄሲካ ከሞኒካ የመጣው መጣጥፍ እንደተረዳች እና እንደተዝናናች ግልጽ ነበር ምክንያቱም _ ፀሃፊዋ ነች.,ጄሲካ,ሞኒካ,2
3W3RSPVVGU5EOC3AQSNPXWCGUI3ULI-2,"የዉሻዎችር ሳል ለመቆጣጠር, ኤሚሊ መድሃኒቱን እንድታመጣ  ማሪያን ላከች ነገር ግን _ እንስሳቱን በመመርመር ተጠምዳ ነበር.",ኤሚሊ,ማሪያ,2
3W3RSPVVGU5EOC3AQSNPXWCGUI3ULI-1,"የዉሻዎችር ሳል ለመቆጣጠር, ኤሚሊ መድሃኒቱን እንድታመጣ  ማሪያን ላከች ምክኒያቱም _ እንስሳቱን በመመርመር ተጠምዳ ነበር.",ኤሚሊ,ማሪያ,1
3BC9H1KCYUAWMQ07K9FGHUB108VWY7-1,_ ባዶ እስኪሆን ድረስ ጃን ሙሉውን የሎሚ ጭማቂ የያዘውን ኩባያ ሙዝ ወደያዘው ሳህን ገለበጠው.,ኩባያ,ሳህን,1
3BC9H1KCYUAWMQ07K9FGHUB108VWY7-2,_ እስኪሞላ ድረስ ጃን ሙሉውን የሎሚ ጭማቂ የያዘውን ኩባያ ሙዝ ወደያዘው ሳህን ገለበጠው.,ኩባያ,ሳህን,2
3MQKOF1EE2MTOF5GODS24910D6FWDS-2, _ አረንጓዴ መብራት በርቶለት ስለነበር  የኢንሹራንስ ኩባንያውለአደጋው በሎጋን ፈንታ ሌስሊን ወቅሷል.,ሌስሊ,ሎጋን,2
3MQKOF1EE2MTOF5GODS24910D6FWDS-1, _ ቀይ መብራት ጥሳ በማለፏ የኢንሹራንስ ኩባንያው ለአደጋው በሎጋን ፈንታ ሌስሊን ወቅሷል.,ሌስሊ,ሎጋን,1
3N5YJ55YXG153ETQC2ADIPG345GANC-1,ሼፍ ምግቡን በእቃ መያዣው ውስጥ ለማስቀመጥ ወሰነ ነገር ግን _ በጣም ብዙ ነበር.,ምግቡ,እቃ መያዣው,1
3N5YJ55YXG153ETQC2ADIPG345GANC-2,ሼፍ ምግቡን በእቃ መያዣው ውስጥ ለማስቀመጥ ወሰነ ነገር ግን _ በጣም ጠባብ ነበር.,ምግቡ,እቃ መያዣው,2
3TFJJUELSHNX771VAX8KWW3TTFCC2V-1,እህቴ ከመጽሔቷ ይልቅ ብሎግ ላይ መፃፍ ያስደስታት ነበር. ምክንያቱም _ ሁሉም ሊያየው ይችላል.,ብሎግ,መጽሔት,1
3TFJJUELSHNX771VAX8KWW3TTFCC2V-2,እህቴ ከመጽሔቷ ይልቅ ብሎግ ላይ መፃፍ ያስደስታት ነበር. ምክንያቱም _ ማንም ሊያየው አይችልም.,ብሎግ,መጽሔት,2
3ODOP6T3AUY96SNN1GE25WFER5142X-1,"ዴሪክ ክረምቱን በሙሉ በሞቃታማው የባህር ዳርቻ ላይ አሳልፏል, ጄፍሪ ግን ክረምቱን በቤት ውስጥ አሳልፏል, ስለዚህ የ_ ፀጉር የበለጠ የፀሀይ ጉዳት ደርሶበታል.",ዴሪክ,ጄፍሪ,1
3ODOP6T3AUY96SNN1GE25WFER5142X-2,"ዴሪክ ክረምቱን በሙሉ በሞቃታማው የባህር ዳርቻ ላይ አሳልፏል, ጄፍሪ ግን ክረምቱን በቤት ውስጥ አሳልፏል, ስለዚህ የ_ ፀጉር ያነሰ የፀሀይ ጉዳት ደርሶበታል.",ዴሪክ,ጄፍሪ,2
3NQUW096N8MG4KF7SHSY10P3IVT9L5-1,ብዙ አይነት ምግብ ያቀርባሉ. ከሶስት እርከን በርገር እስከ ሱሺ እስከ ኦሜሌቶች ድረስ ሁሉንም ነገር አቅርበው ነበር. _ ውሃማ ነበር.,በርገር,ሱሺ,1
3NQUW096N8MG4KF7SHSY10P3IVT9L5-2,ብዙ አይነት ምግብ ያቀርባሉ. ከሶስት እርከን በርገር እስከ ሱሺ እስከ ኦሜሌቶች ድረስ ሁሉንም ነገር አቅርበው ነበር. _ ደረቅ ነበር.,በርገር,ሱሺ,2
3VGET1QSZ0XD7646X0PG4HR4W9E7W9-2,"አኃዛዊ መረጃዎች እንደሚያሳዩት ከወንዶች አንጻር  ብዙ ሴቶች በየቀኑ ይወለዳሉ, _ ጥቂቶች ናቸው..",ሴቶች,ወንዶች,2
3VGET1QSZ0XD7646X0PG4HR4W9E7W9-1,"አኃዛዊ መረጃዎች እንደሚያሳዩት ከወንዶች አንጻር ብዙ ሴቶች በየቀኑ ይወለዳሉ, _ ብዙ ናቸው..",ሴቶች,ወንዶች,1
3TCFMTM8HG2SETQ4EYV07Y8BFL721Y-2,"ሮበርት የኒይልን ቤት ለመግዛት ወስኗል, ስለዚህ ከግብይቱ በኋላ _ በባንክ የበለጠ ገንዘብ ይኖሯል.",ሮበርት,ኒይል,2
3TCFMTM8HG2SETQ4EYV07Y8BFL721Y-1,"ሮበርት የኒይልን ቤት ለመግዛት ወስኗል, ስለዚህ ከግብይቱ በኋላ _ በባንክ ያነሰ ገንዘብ ይኖሯል.",ሮበርት,ኒይል,1
3RWB1RTQDL16H0BVFHFRIL3C3XW8PT-2,"ለተሰበረው ክንድ የተደረግው የሕክምና ምርመራ በልብ ላይ ካለው ምርመራ አንጻር ረዘም ያለ ነበር, ምክንያቱም _ ከባድ ችግር ነበረው.",ልቡ,ክንዱ,2
3RWB1RTQDL16H0BVFHFRIL3C3XW8PT-1,"ለተሰበረው ክንድ የተደረግው የሕክምና ምርመራ በልብ ላይ ካለው ምርመራ አንጻር አጠር ያለ ነበር, ምክንያቱም _ ከባድ ችግር ነበረው.",ልቡ,ክንዱ,1
3ACRLU860NC6SIL5PH7QND603EIEB1-2,ስለሚያፈቅሩት ሰው ሲያወሩ ኬኔት ለጄፍሪ ምልክት አሳየው ምክንያቱም _ ፍቅሩ ማን እንደሆነ ስለረሳ.,ኬኔት,ጄፍሪ,2
3ACRLU860NC6SIL5PH7QND603EIEB1-1,ስለሚያፈቅሩት ሰው ሲያወሩ ኬኔት በጄፍሪ ላይ ሳቀበት ምክንያቱም _ ፍቅሩ ማን እንደሆነ ስላስታወሰ ነው.,ኬኔት,ጄፍሪ,1
3R6RZGK0XHQY1QZ9EXMKNQGWI2FVYY-1,"ጃክ ሒሳብን ይወድ ነበር እና ማህበራዊ ሳይንስን አይወድም ነበር, ስለዚህ በዚያ ሴሚስተር ሶሺዮሎጂ ወይም ሒሳብ ለመውሰድ ሲወስን ከአማካሪው ጋር _ መረጠ, ምክንያቱም ጃክ ትምህርቱን ይገባው ነበር.",ሒሳብ,ሶሺዮሎጂ,1
3R6RZGK0XHQY1QZ9EXMKNQGWI2FVYY-2,"ጃክ ሒሳብን ይወድ ነበር እና ማህበራዊ ሳይንስን አይወድም ነበር, ስለዚህ በዚያ ሴሚስተር ሶሺዮሎጂ ወይም ሒሳብ ለመውሰድ ሲወስን ከአማካሪው ጋር _ መረጠ, ምክንያቱም ጃክ ትምህርቱን አይገባውም ነበር.",ሒሳብ,ሶሺዮሎጂ,2
3WUVMVA7OB1ZK379FQL7DCNC925ZAW-1,ክሪስቶፈር ስፔሻሊስት መሆን ፈልጎ ነበር ነገር ግን አዳም አልፈለገም ምክንያቱም _ ለተወሰኑ የትምህርት ዓይነቶች ብቻ ፍላጎት ነበረው.,ክሪስቶፈር,አዳም,1
3WUVMVA7OB1ZK379FQL7DCNC925ZAW-2,ክሪስቶፈር ስፔሻሊስት መሆን ፈልጎ ነበር ነገር ግን አዳም አልፈለገም ምክንያቱም _ ለብዙ የትምህርት ዓይነቶች ፍላጎት ነበረው.,ክሪስቶፈር,አዳም,2
3S37Y8CWIAEVI8LUF039T3V2T04W4N-2,ከፌሊሺያ አንጻር ሜጋን በጋውን ደስ በሚል ሁኔታ  አሳልፋለች.  _ቤት ውስጥ ብዙ ጊዜ አሳልፋለች.,ሜጋን,ፌሊሺያ,2
3S37Y8CWIAEVI8LUF039T3V2T04W4N-1,ከፌሊሺያ አንጻር ሜጋን በጋውን ደስ በሚል ሁኔታ  አሳልፋለች. _ በባህር ዳርቻ ብዙ ጊዜ አሳልፋለች.,ሜጋን,ፌሊሺያ,1
3OEWW2KGQLP0DVVLHPDSFDCN5IJDO8-2,ጆን ከግድግዳው ጋር  በማጣበቂያ የተያያዘውን የግድግዳ ወረቀት ሳይቀደድ ማንሳት አልቻለም. _ ደካማ ነው.,ማጣበቂያ,የግድግዳ ወረቀት,2
3OEWW2KGQLP0DVVLHPDSFDCN5IJDO8-1,ጆን ከግድግዳው ጋር  በማጣበቂያ የተያያዘውን የግድግዳ ወረቀት ሳይቀደድ ማንሳት አልቻለም. _ ጠንካራ ነው.,ማጣበቂያ,የግድግዳ ወረቀት,1
3VJ4PFXFJ35IY4DZ93MZWK8XC3SAUR-2,አማካሪው _ አሰልቺ ስለሆነ በደል የደረሰባትን ልጅ በብርድ ልብስ ፈንታ አሻንጉሊት ሰጣት.,አሻንጉሊት,ብርድ ልብስ,2
3VJ4PFXFJ35IY4DZ93MZWK8XC3SAUR-1,አማካሪው _ ደስ የሚል ስለሆነ በደል የደረሰባትን ልጅ በብርድ ልብስ ፈንታ አሻንጉሊት ሰጣት.,አሻንጉሊት,ብርድ ልብስ,1
38Z7YZ2SB5GK6IONOG67VFN0CNPIQ1-2,ጆን ማሰሮው በሳጥኑ ውስጥ ሲጓጓዝ ይንከባከበው ነበር. ነገር ግን በመጨረሻ ተሰብሯል. _ ደረቅ ነው.,ማሰሮው,ሳጥኑ,2
38Z7YZ2SB5GK6IONOG67VFN0CNPIQ1-1,ጆን ማሰሮው በሳጥኑ ውስጥ ሲጓጓዝ ይንከባከበው ነበር. ነገር ግን በመጨረሻ ተሰብሯል. _ ተሰባሪ ነው.,ማሰሮው,ሳጥኑ,1
3R5OYNIC2C7ALV4CYHEMHJBQSDLPTZ-1,_ ደስ የሚል ትንፋሽ ስለነበረው የመጨረሻውን ማስቲካ ዶናልድ ለሌስሊ ሰጣት.,ዶናልድ,ሌስሊ,1
3R5OYNIC2C7ALV4CYHEMHJBQSDLPTZ-2,_ መጥፎ ትንፋሽ ሽታ ስለነበራት የመጨረሻውን ማስቲካ ዶናልድ ለሌስሊ ሰጣት.,ዶናልድ,ሌስሊ,2
3ZZAYRN1I6PS0VSBJH17SJ60DNOTOA-2,ሳሙኤል የቼሪ ጃም ውድድሩን ካሸነፈ በኋላ ካይል አሁንም ማሸነፍ ነበረብኝ ብሎ ያምን ነበር. ምክንያቱም _ የዝቅተኛ ካሎሪ ጣፋጮች ስለተጠቀመ እና ዳኞቹ በጣዕም ስላወዳደሩ ነው.,ሳሙኤል,ካይል,2
3ZZAYRN1I6PS0VSBJH17SJ60DNOTOA-1,ሳሙኤል የቼሪ ጃም ውድድሩን ካሸነፈ በኋላ ካይል አሁንም ማሸነፍ ነበረብኝ ብሎ ያምን ነበር. ምክንያቱም _ የከፍተኛ ካሎሪ ጣፋጮች ስለተጠቀመ እና ዳኞቹ በጣዕም ስላወዳደሩ ነው.,ሳሙኤል,ካይል,1
3RKHNXPHGWUOAHMLLUZOQYBTHGGKUC-1,_  ክሪስቲንን ስለምትወዳት የሴት ጓደኛዋ እንትሆን ብትጠይቃትም ፈቃደኛ ስላልሆነች ፊሊሺያ ቅር ተሰኝታልች .,ፊሊሺያ,ክሪስቲን,1
3RKHNXPHGWUOAHMLLUZOQYBTHGGKUC-2, ፊሊሺያ ክሪስቲንን ስለምትወዳት የሴት ጓደኛዋ እንትሆን ብትጠይቃትም _ ግብረሰዶማዊ ባለመሆኗ ፈቃደኛ ስላልሆነች ፊሊሺያ ቅር ተሰኝታልች.,ፊሊሺያ,ክሪስቲን,2
30F94FBDNTYNBQ29ZA8LEXU9ZY4BTJ-1,_ ገንዘቡን ስለሚያስፈልገው ማቲው ለኬቨን ለእግር ኳስ ጨዋታ ቲኬቶችን መሸጥ ይፈልጋል.,ማቲው,ኬቨን,1
30F94FBDNTYNBQ29ZA8LEXU9ZY4BTJ-2,ማቲው ለኬቨን ለእግር ኳስ ጨዋታ ቲኬቶችን መሸጥ ቢፈልግም _ ገንዘብ የለውም.,ማቲው,ኬቨን,2
3TRB893CSLOW49DD2TXYACTOQQKG7W-2,ኤሌና ናታሊ የጃኬቷን ኮፍያ እንድታረግ ነገረቻት ምክንያቱም _ ሊበርዳት ይችላል.,ኤሌና,ናታሊ,2
3TRB893CSLOW49DD2TXYACTOQQKG7W-1,ኤሌና ናታሊ የጃኬቷን ኮፍያ እንድታረግ ነገረቻት ምክንያቱም _ እንዲበርዳት አልፈለገችም.,ኤሌና,ናታሊ,1
30Y6N4AHYRA3A8N19HUW98HSF1TDRY-1,ሎውረንስ በሸክላ አንድ ጎድጓዳ ሳህን ሠራ እና ራንዲ በአጋጣሚ ሰበረው. _ ሌላ ለመስራት ወሰነ.,ሎውረንስ,ራንዲ,1
30Y6N4AHYRA3A8N19HUW98HSF1TDRY-2,ሎውረንስ በሸክላ አንድ ጎድጓዳ ሳህን ሠራ እና ራንዲ በአጋጣሚ ሰበረው. _ ሌላ ለመስራት ጥያቄ አቀረበ.,ሎውረንስ,ራንዲ,2
35F6NGNVMAX09EZJMTW59V8EHIR7TU-1,በጭንቅላቱ ላይ ያለው _ ስላበጠ በአካባቢው ላይ መድሃኒት ያስፈልገዋል.,እጢ,መድሃኒት,1
35F6NGNVMAX09EZJMTW59V8EHIR7TU-2,በጭንቅላቱ ላይ ያለው እጢ ስላበጠ መጠኑ እንዲቀንስ በአካባቢው ላይ _  ያስፈልገዋል.,እጢ,መድሃኒት,2
3Y3CZJSZ9KRTC691AD0DJY5RDO45RP-1,ሱ በተለምዶ አሮጌ ልብሶችን ለምትወደው በጎ አድራጎት ድርጅት ለግሳለች ነገርግን ከቅርብ አመታት ወዲህ _ በተሻለ ሁኔታ ስለተቀበሉ ቼኮች ትጽፍላቸዋለች.,ቼኮች,አሮጌ ልብሶች,1
3Y3CZJSZ9KRTC691AD0DJY5RDO45RP-2,ሱ በተለምዶ አሮጌ ልብሶችን ለምትወደው በጎ አድራጎት ድርጅት ለግሳለች ነገርግን ከቅርብ አመታት ወዲህ _ በከፋ ሁኔታ ስለተቀበሉ ቼኮች ትጽፍላቸዋለች.,ቼኮች,አሮጌ ልብሶች,2
3KI0JD2ZU3WU7GO7QGOCYLG0X3C670-2,_ የሰውነት ቅርፁ ስለተበላሸ ለክርስቶፈር የአካል ብቃት እቅድ በመጻፍ ለመርዳት ማቲው ሐሳብ አቀረበ.,ማቲው,ክርስቶፈር,2
3KI0JD2ZU3WU7GO7QGOCYLG0X3C670-1,_ የስፖርት አሰልጣኝ ስለሆነ ለክርስቶፈር የአካል ብቃት እቅድ በመጻፍ ለመርዳት ማቲው ሐሳብ አቀረበ.,ማቲው,ክርስቶፈር,1
3QO7EE372Q1AJAAHI6EQ9SJMFJ1QB0-1,_ ለባህር ዳርቻው በጣም ቅርብ ስለነበር ሞገዶቹ ጋራዡን አወደሙት ነገር ግን ቤቱ ጉዳት አልደረሰበትም.,ጋራዡ,ቤቱ,1
3QO7EE372Q1AJAAHI6EQ9SJMFJ1QB0-2,_ ከባህር ዳርቻው በጣም ሩቅ ስለነበር ሞገዶቹ ጋራዡን አወደሙት ነገር ግን ቤቱ ጉዳት አልደረሰበትም.,ጋራዡ,ቤቱ,2
3Z56AA6EK4YYYUWNAOE1P5PHYGD6ME-2,_ ደንበኛ ስለሆነች ካትሪና ለማሪያ በአካባቢው ባለው ገበያ ምንጣፍ ትሸጣለች .,ካትሪና,ማሪያ,2
3Z56AA6EK4YYYUWNAOE1P5PHYGD6ME-1,_ አስመጪ ስለሆነች ካትሪና ለማሪያ በአካባቢው ባለው ገበያ ምንጣፍ ትሸጣለች .,ካትሪና,ማሪያ,1
3UUSLRKAUL1EY04FG5KQCT2JPT87D0-2,የጆአን አያት ሁል ጊዜ ማቀፍ እና መሳም ትፈልጋለች. ነገር ግን እሷ ጀርሞችን ስለምትፈራ ጆአን _ ን መርጧል.,መሳም,ማቀፍ,2
3UUSLRKAUL1EY04FG5KQCT2JPT87D0-1,የጆአን አያት ሁል ጊዜ ማቀፍ እና መሳም ትፈልጋለች. ነገር ግን እሷ ጀርሞችን ስለምትፈራ ጆአን _ ን አይፈልግም.,መሳም,ማቀፍ,1
35ZRNT9RUIWN1EUH42VGA622O6G3OD-2,ቤተ መፃህፍቱ እጅግ በጣም ብዙ የልቦለዶች ስብስብ አለው ነገር ግን የኮሚክ መጽሃፍት አልነበረውም ምክንያቱም _ አሰልቺ ነበሩ.,ልቦለዶች,የኮሚክ መጽሃፍት,2
35ZRNT9RUIWN1EUH42VGA622O6G3OD-1,ቤተ መፃህፍቱ እጅግ በጣም ብዙ የልቦለዶች ስብስብ አለው ነገር ግን የኮሚክ መጽሃፍት አልነበረውም  ምክንያቱም _ ተወዳጅ ነበሩ.,ልቦለዶች,የኮሚክ መጽሃፍት,1
3DGDV62G7QNVVL96Z06Q8UQ9I1WP28-1,የካሪይ መደብር ከፓትሪሺያ መደብር የበለጠ ታማኝ ደንበኞች አሉት. ምክንያቱም የ _ መደብር የቆየ ነው.,ካሪይ,ፓትሪሺያ,1
3DGDV62G7QNVVL96Z06Q8UQ9I1WP28-2,የካሪይ መደብር ከፓትሪሺያ መደብር የበለጠ ታማኝ ደንበኞች አሉት. ምክንያቱም የ _ መደብር አዲስ ነው.,ካሪይ,ፓትሪሺያ,2
3N2YPY1GI6WL1WJBUYYQOP07687EVK-1,ክሪስቲን ጄሲካ ያለፈችውን ​​የውሸት ማወቂያ ፈተና አላለፈችም ምክንያቱም _ የምትደብቀው ነገር ነበራት.,ክሪስቲን,ጄሲካ,1
3N2YPY1GI6WL1WJBUYYQOP07687EVK-2,ክሪስቲን ጄሲካ ያለፈችውን ​​የውሸት ማወቂያ ፈተና አላለፈችም ምክንያቱም _ የምትደብቀው ነገር አልነበራትም.,ክሪስቲን,ጄሲካ,2
3DW3BNF1GJWJMK8R1TOQODSUPG9V83-1,_ ኩሽና ውስጥ በጣም እየሞቃት ስለነበረ ኬሪ አየር ማቀዝቀዣውን ከአንጄላ አዞረችው.,ኬሪ,አንጄላ,1
3DW3BNF1GJWJMK8R1TOQODSUPG9V83-2,_ ኩሽና ውስጥ በጣም እየሞቃት ስለነበረ ኬሪ አየር ማቀዝቀዣውን ወደ አንጄላ አዞረችው.,ኬሪ,አንጄላ,2
3OZ4VAIBEXDTCC538Z9HL5DZBHAJVJ-1,"ክረምቱ የጄሰንን እጆች ያደርቅ ነበር, ነገር ግን የሌስሊ አይደርቁም ምክንያቱም _ ሁልጊዜ ማታ ቆዳ ማለስለሻ መቀባት ይረሳል.",ጄሰን,ሌስሊ,1
3OZ4VAIBEXDTCC538Z9HL5DZBHAJVJ-2,ክረምቱ የጄሰንን እጆች ያደርቅ ነበር ነገር ግን የሌስሊ አይደርቁም ምክንያቱም _ ሁልጊዜ ማታ ቆዳ ማለስለሻ መቀባት አትረሳም.,ጄሰን,ሌስሊ,2
3SU800BH86QALKKGYZJLMKN2B7IQUL-2,ካሪ በቅርጫት ኳስ ጨዋታ ከሲንቲያ ጋር ውርርድ ስለተሸነፈች _ ጽዳት ሲደረግላቸው ሰዓታት አሳልፋለች.,ካሪ,ሲንቲያ,2
3SU800BH86QALKKGYZJLMKN2B7IQUL-1,ካሪ በቅርጫት ኳስ ጨዋታ ከሲንቲያ ጋር ውርርድ ስለተሸነፈች _ እያጸዳች ሰዓታት አሳለፈች.,ካሪ,ሲንቲያ,1
3S4TINXCC0LS49YUJVAMSP0ECY1BOK-2,_ የሚበጠብጥ ሆኖ ስላገኘሁት በምሽት ቴሌቪዥን ከማየት ሬዲዮን መስማትን እመርጣለሁ.,ሬዲዮ,ቴሌቪዥን,2
3S4TINXCC0LS49YUJVAMSP0ECY1BOK-1,_ የሚያረጋጋ ሆኖ ስላገኘሁት በምሽት ቴሌቪዥን ከማየት ሬዲዮን ማዳመጥ እመርጣለሁ.,ሬዲዮ,ቴሌቪዥን,1
3OLZC0DJ8LTCBQK4AF0H12M7R93VIR-1,ራንዲ የራሱን ስራ የጀመረ ሲሆን ራያን ለሌላ ሰው ሲሰራ _ የግል ስራ ግብር ነበረው.,ራንዲ,ራያን,1
3OLZC0DJ8LTCBQK4AF0H12M7R93VIR-2,ራንዲ የራሱን ስራ የጀመረ ሲሆን ራያን ለሌላ ሰው ሲሰራ _ የተቀጣሪ ግብር ነበረው.,ራንዲ,ራያን,2
3NI0WFPPIBUGP5ON5H33J66DPUU60Y-2,"የወንድ ጓደኛዋ ጃኬት በመግዛቱ ተጸጸተ እና በምትኩ አዲስ ኮፍያ አመጣላት, ምክንያቱም _  ከልብሶቿ ጋር ፍጹም የሚስማማ እንደሆነ ታስብ እንደነበር ያውቃል.",ጃኬት,ኮፍያ,2
3NI0WFPPIBUGP5ON5H33J66DPUU60Y-1,"የወንድ ጓደኛዋ ጃኬት በመግዛቱ ተጸጸተ እና በምትኩ አዲስ ኮፍያ አመጣላት, ምክንያቱም _  ከልብሶቿ ጋር ፍጹም የማይስማማ እንደሆነ ታስብ እንደነበር ያውቃል.",ጃኬት,ኮፍያ,1
3OID399FXG5RDTJLYOI20LF0NKKDF9-2,"ሞኒካ ወለሉን ለማጽዳት ቫክዩም መጠቀም ፈለገች, ነገር ግን ቪክቶሪያ መጥረጊያ መጠቀም ፈለገች. _ ወለሉን በጣም ዘግይቶ ያጸዳል.",ሞኒካ,ቪክቶሪያ,2
3OID399FXG5RDTJLYOI20LF0NKKDF9-1,"ሞኒካ ወለሉን ለማጽዳት ቫክዩም መጠቀም ፈለገች, ነገር ግን ቪክቶሪያ መጥረጊያ መጠቀም ፈለገች. _ ወለሉን በጣም በፍጥነት ያጸዳል.",ሞኒካ,ቪክቶሪያ,1
31ANT7FQN80GNCVYE8OJ5U3LQG1H51-1,"ትኋኖችን ለማስወገድ ብዙ መርጫዎችን ተጠቅሜያለሁ ነገር ግን አልሰሩም, ምክንያቱም _ ደካማ ነበሩ.",መርጫዎች,ትኋኖች,1
31ANT7FQN80GNCVYE8OJ5U3LQG1H51-2,"ትኋኖችን ለማስወገድ ብዙ መርጫዎችን ተጠቅሜያለሁ ነገር ግን ኣልሰሩም, ምክንያቱም _ ጠንካራ ነበሩ.",መርጫዎች,ትኋኖች,2
3O0M2G5VC8GK6C8MMPTHFJNRVLL49F-1,ሞኒካ የምዕራባውያንን ፊልሞች መመልከት ያስደስታት ነበር ናታሊ ደግሞ የፍቅር ፊልሞች የበለጠ ያስደስቷት ነበር ምክንያቱም _ ያደገችው በእርሻ ነው.,ሞኒካ,ናታሊ,1
3O0M2G5VC8GK6C8MMPTHFJNRVLL49F-2,ሞኒካ የምዕራባውያንን ፊልሞች መመልከት ያስደስታት ነበር ናታሊ ደግሞ የፍቅር ፊልሞች የበለጠ ያስደስቷት ነበር. ምክንያቱም _ ያደገችው የሳሙና ኦፔራ እየተመለከተች ነው.,ሞኒካ,ናታሊ,2
3V8JSVE8Y04HZFDNJ7XANMS9HPVYEB-1,ከመጻሕፍት መደብር ይልቅ በቤተ መፃህፍቱ ውስጥ ብዙ መጻሕፍት ነበሩ ምክንያቱም _ ሰፊ ነበር.,ቤተ መፃህፍቱ,መጻሕፍት መደብር,1
3V8JSVE8Y04HZFDNJ7XANMS9HPVYEB-2,ከመጻሕፍት መደብር ይልቅ በቤተ መፃህፍቱ ውስጥ ብዙ መጻሕፍት ነበሩ ምክንያቱም _ አነስተኛ ነበር.,ቤተ መፃህፍቱ,መጻሕፍት መደብር,2
3WRBLBQ2GR63S9EMXW0P3ZVTPV4G0C-2,መሳል የሳራ ተሰጥኦ እንጂ የካሪ አልነበረም ስለዚህ _ ሁልጊዜ የጥበብ ስራዋን ለማየት ትጓጓ ነበር.,ሳራ,ካሪ,2
3WRBLBQ2GR63S9EMXW0P3ZVTPV4G0C-1,መሳል የሳራ ተሰጥኦ እንጂ የካሪ አልነበረም ስለዚህ _ ሁልጊዜ የጥበብ ስራዋን ለማሳየት ትጓጓ ነበር.,ሳራ,ካሪ,1
3RZS0FBRWK8TZE21CVJWS9BMZ6JPC3-2,ኤሚሊ ለስማርት ስልኳ ብዙ ገንዘብ አውጥታለች ግን ራቸል በጣም ርካሽ ስልክ ገዛች ምክንያቱም _ ብዙም ግድ አልነበራትም.,ኤሚሊ,ራቸል,2
3RZS0FBRWK8TZE21CVJWS9BMZ6JPC3-1,ኤሚሊ ለስማርት ስልኳ ብዙ ገንዘብ አውጥታለች ግን ራቸል በጣም ርካሽ ስልክ ገዛች ምክንያቱም _ ዘናጭ ናት.,ኤሚሊ,ራቸል,1
3ACRLU860PSLM7KC9FJQFBU9XUOBEF-2,"ሻይ እና ቡና እንደቅደም ተከተላቸው በተለያየ መያዣ, ኩባያዎች እና ስኒዎች ውስጥ መጠጣት አለባቸው. ቡና ብዙውን ጊዜ በ_ ውስጥ,  ከወተት እና አንዳንድ ጊዜ በስኳር ይቀርባል.",ኩባያ,ስኒ,2
3ACRLU860PSLM7KC9FJQFBU9XUOBEF-1,"ሻይ እና ቡና እንደቅደም ተከተላቸው በተለያየ መያዣ, ኩባያዎች እና ስኒዎች ውስጥ መጠጣት አለባቸው. ሻይ ብዙውን ጊዜ በ_ ውስጥ, ከወተት እና አንዳንድ ጊዜ በስኳር ይቀርባል.",ኩባያ,ስኒ,1
32PT7WK7DOTBR62ZYRT0RAEC9NDD3U-1,ኒል ማይክልን ወደ ጦርነት መሄድ ምን እንደሚመስል ጠየቀው ምክንያቱም _ ሰላማዊ ሰው ነበር.,ኒል,ማይክል,1
32PT7WK7DOTBR62ZYRT0RAEC9NDD3U-2,ኒል ማይክልን ወደ ጦርነት መሄድ ምን እንደሚመስል ጠየቀው ምክንያቱም _ የቀድሞ ወታደር ነበር.,ኒል,ማይክል,2
3UEDKCTP9X416V9WSKID84LHXNJ7K4-2,አልማዝ ፍለጋ ወደ ማዕድኑ ገባሁ. ግን ያገኘሁት ኳርትዝ እና ቶጳዝን ነበር. ጥርት ያለ ስለነበር  _ን መረጥኩ.,ቶጳዝ,ኳርትዝ,2
3UEDKCTP9X416V9WSKID84LHXNJ7K4-1,አልማዝ ፍለጋ ወደ ማዕድኑ ገባሁ ግን ያገኘሁት ኳርትዝ እና ቶጳዝን ነበር. ኣንጸባራቂ ቢጫ ስለነበር  _ን መረጥኩ .,ቶጳዝ,ኳርትዝ,1
3D3B8GE892PR1GVY0B95QJAEY279P0-2,"ሼፍ ፖም መብላት ከቀይ ስር የበለጠ ጤናማ ነው ብሎ ስለሚያስብ, _ ን ምግብ ውስጥ ማስገባት አይወድም.",ፖም,ከቀይ ስር,2
3D3B8GE892PR1GVY0B95QJAEY279P0-1,"ሼፍ ፖም መብላት ከቀይ ስር የበለጠ ጤናማ ነው ብሎ ስለሚያስብ, _ ን ምግብ ውስጥ ማስገባት ይወዳል.",ፖም,ከቀይ ስር,1
37VE3DA4YUFICSC7FIFW8G3DVYNHB5-1,"ጄኒፈር በሚዋኙበት ጊዜ ሻርክን የማግኘት ስጋት ላይ ነበረች, ነገር ግን ኤሚሊ አልነበረችም, ምክንያቱም _ በውቅያኖስ ውስጥ ስለዋኘች ነው.",ጄኒፈር,ኤሚሊ,1
37VE3DA4YUFICSC7FIFW8G3DVYNHB5-2,"ጄኒፈር በሚዋኙበት ጊዜ ሻርክን የማግኘት ስጋት ላይ ነበረች, ነገር ግን ኤሚሊ አልነበረችም, ምክንያቱም _ በሃይቅ ውስጥ ስለዋኘች ነው.",ጄኒፈር,ኤሚሊ,2
3EQVJH0T40JI8E6OF46H8A9Z6IJHTM-1,በፋይሎቹ ውስጥ ያሉት ሰነዶች በትክክል ሊቀመጡ አልቻሉም. _ በጣም ትንሽ ነበሩ.,ፋይሎቹ,ሰነዶች,1
3EQVJH0T40JI8E6OF46H8A9Z6IJHTM-2,በፋይሎቹ ውስጥ ያሉት ሰነዶች በትክክል ሊቀመጡ አልቻሉም. _ በጣም ትልቅ ነበሩ.,ፋይሎቹ,ሰነዶች,2
35ZRNT9RUIWN1EUH42VGA622JTGO33-1,"ታታሪ የመፅሃፍ አንብቢዎች, ሎውረንስ ልብ ወለድ ሲያነብ ጄሰን ልቦለድ ያልሆኑትን ያነባል. _ ወደ ምናባዊ ዓለም ማምለጥ ይወዳል.",ሎውረንስ,ጄሰን,1
35ZRNT9RUIWN1EUH42VGA622JTGO33-2,"ታታሪ የመፅሃፍ አንብቢዎች, ሎውረንስ ልብ ወለድ ሲያነብ ጄሰን ልቦለድ ያልሆኑትን ያነባል. _ ወደ ምናባዊ ዓለም ማምለጥ ያዳግተዋል.",ሎውረንስ,ጄሰን,2
3P888QFVX3SF8F0J2D7CNEVDYXFOQK-1,ሜሪ ለስራ የምትለብሰው ቡራቡሬ ብቻ እንጂ ልሙጥ ቀለም አልነበረም ምክንያቱም _ አለባበሷ የተበላሸ እንዲመስል ያረጋታል.,ልሙጥ ቀለም,ቡራቡሬ,1
3P888QFVX3SF8F0J2D7CNEVDYXFOQK-2,ሜሪ ለስራ የምትለብሰው ቡራቡሬ ብቻ እንጂ ልሙጥ ቀለም አልነበረም ምክንያቱም _ ሰራተኛ እንድትመስል ያረጋታል.,ልሙጥ ቀለም,ቡራቡሬ,2
3IZVJEBJ6CYDRQUD9BGVP59Y6LBZ6I-2,_ ስለቆሸሸ በመኪናው ላይ ያለው መከላከያ ከመኪናው እጀታ የበለጠ ደምቋል.,መከላከያ,እጀታ,2
3IZVJEBJ6CYDRQUD9BGVP59Y6LBZ6I-1,_ ንጹህ ስለነበር በመኪናው ላይ ያለው መከላከያ ከመኪናው እጀታ የበለጠ ደምቋል.,መከላከያ,እጀታ,1
3ECKRY5B1SATKAPEBCPKM8Z4GNJZIE-2,"ኢየን ለኒል የፑል ድግስ እየሰራ ነው  እና በመዋኛ ገንዳ ውስጥ ፒኤች ከፍ ማድረግ አለበት, _  ድግሱን በደህና እንዲደሰት ነው.",ኢየን,ኒል,2
3ECKRY5B1SATKAPEBCPKM8Z4GNJZIE-1,"ኢየን ለኒል የፑል ድግስ እየሰራ ነው እና በመዋኛ ገንዳ ውስጥ ፒኤች ከፍ ማድረግ አለበት, _ ፒኤች ከፍ ማድረጊያ እቃዎችን ገዛ .",ኢየን,ኒል,1
302U8RURJ1F4PRVV7VD96AIOD98VNK-2,"ቢሊ እርሳስ ስታመጣ, እኔ እስክሪብቶ ወደ ሪልቶር ቢሮ  አመጣሁ. ለቢሊ እስክሪብቶዬን ሰጠኋት እና ሰነዱ ላይ ለመፈረም  _ን ተጠቀመችበት.",እርሳስ,እስክሪብቶ,2
302U8RURJ1F4PRVV7VD96AIOD98VNK-1,ቢሊ እርሳስ ስታመጣ እኔ እስክሪብቶ ወደ ሪልቶር ቢሮ  አመጣሁ. ለቢሊ እስክሪብቶዬን ሰጠኋት እና እሷ ግን በግትርነት ሰነዱ ላይ ለመፈረም  _ን ተጠቀመች.,እርሳስ,እስክሪብቶ,1
3C8QQOM6JRF9FL8AWBYBETO62IMLI1-1,ማንም ሰው በታሪኩ ሊደሰት አልቻለም. እና ሙዚቃውን ማዳመጥ ጀመርን. _ ደባሪ ነው.,ታሪኩ,ሙዚቃው,1
3C8QQOM6JRF9FL8AWBYBETO62IMLI1-2,ማንም ሰው በታሪኩ ሊደሰት አልቻለም. እና ሙዚቃውን ማዳመጥ ጀመርን. _ አስደሳች ነው.,ታሪኩ,ሙዚቃው,2
37VUR2VJ6C35CBI6BRK6JBHXRC41CQ-2,_ ሁል ጊዜ ውሃ በመጠጣቷ ምክንያት የካትሪና ጥርሶች ከላውራ የበለጠ ቢጫ ናቸው.,ካትሪና,ላውራ,2
37VUR2VJ6C35CBI6BRK6JBHXRC41CQ-1,_ ብዙ ጊዜ ቡና በመጠጣቷ ምክንያት የካትሪና ጥርሶች ከላውራ የበለጠ ቢጫ ናቸው.,ካትሪና,ላውራ,1
3P4C70TRMTVVJU2F6NY8THBPLQ7LGO-1,_ ከጋለ በኋላ ብረቱን በብረት መዶሻ መምታት አስፈላጊ ነበር.,ብረቱ,ብረት መዶሻ,1
3P4C70TRMTVVJU2F6NY8THBPLQ7LGO-2,_ ከመጋሉ በፊት ብረቱን በብረት መዶሻ መምታት አስፈላጊ ነበር.,ብረቱ,ብረት መዶሻ,2
3I7SHAD35OAWWJ9ZDWVTNHDLMYLM77-2,"ኬቨን ቤቱን ከዴሪክ ሲገዛ ወጪዎቹን ግምት ውስጥ አላስገባም, ስለዚህ _ ከገንዘብ እዳ ራሱን ነጻ አወጣ.",ኬቨን,ዴሪክ,2
3I7SHAD35OAWWJ9ZDWVTNHDLMYLM77-1,"ኬቨን ቤቱን ከዴሪክ ሲገዛ ወጪዎቹን ግምት ውስጥ አላስገባም, ስለዚህ _ የገንዘብ እዳ  ውስጥ ገባ.",ኬቨን,ዴሪክ,1
371DNNCG440PF35VC0CBVXG033L8TY-2, _ በቪዲዮ  ሲደንስ ሮበርት የካይል የበይነመረብ ቫይራል ቪዲዮ ስሜት እንዲፈጥር ረድቷል.,ሮበርት,ካይል,2
371DNNCG440PF35VC0CBVXG033L8TY-1," _ ቪድዮውን ሲመራ ሮበርት
የካይል የበይነመረብ ቫይራል ቪዲዮ ስሜት እንዲፈጥር ረድቷል.",ሮበርት,ካይል,1
3DZKABX2ZKJLYNY4I54VQZOCEQLCVG-2,"ሬቤካ ማሪያን ወደ ኮንሰርት ጋበዘቻት, ከዛ _ ለመገኘት ከወላጆቿ ፈቃድ ማግኘት ነበረባት.",ሬቤካ,ማሪያ,2
3DZKABX2ZKJLYNY4I54VQZOCEQLCVG-1,"ሬቤካ በማሪያ ኮንሰርት ተጋበዘች, ከዛ _ ለመገኘት ከወላጆቿ ፈቃድ ማግኘት ነበረባት.",ሬቤካ,ማሪያ,1
30P8I9JKOIJL5DQIJX5NKVUUTHCV58-2,ምክንያቱ _ ወፎችን ስለምትፈራ ቤቲ ርግቧን ከአንጄላ ረዘም ላለ ጊዜ ያዘች.,ቤቲ,አንጄላ,2
30P8I9JKOIJL5DQIJX5NKVUUTHCV58-1,ቤቲ ርግቧን ከአንጄላ ረዘም ላለ ጊዜ ለመያዝ የቻለችው ምክንያቱ  _ ወፎችን ስለማትፈራ ነው.,ቤቲ,አንጄላ,1
38XPGNCKHVEI3JLPPQYD71COMD44VV-2,ኒክ የወገብ ማሳከክ ብዙ ጊዜ ሲያጋጥመው ጄሰን ግን የውስጥ ሱሪ ማሰሪያ ለብሶ አያውቅም. _አርቲስት ነው.,ኒክ,ጄሰን,2
38XPGNCKHVEI3JLPPQYD71COMD44VV-1,ኒክ የወገብ ማሳከክ ብዙ ጊዜ ሲያጋጥመው ጄሰን ግን  የውስጥ ሱሪ ማሰሪያ ለብሶ አያውቅም. _አትሌት ነው.,ኒክ,ጄሰን,1
39AYGO6AFFI4GCHNMPT12KEH8NL6NF-2,ጂል ለራሷ የገዛችው ማሰሪያ በእግሯ ዙሪያ አይገጥምም፣ _ በጣም ሰፊ ነበር.,ማሰሪያ,እግሯ,2
39AYGO6AFFI4GCHNMPT12KEH8NL6NF-1,ጂል ለራሷ የገዛችው ማሰሪያ በእግሯ ዙሪያ አይገጥምም፣ _ በጣም ጠባብ ነበር.,ማሰሪያ,እግሯ,1
3IVKZBIBJ2NWN3SGA2DRQ31MTY2SHD-2,ጄምስ ቦርሳው ውስጥ በተከማቸው አልባሳት ምክንያት ሊዘጋው አልቻለም. _ ትንሽ ነው.,አልባሳት,ቦርሳው,2
3IVKZBIBJ2NWN3SGA2DRQ31MTY2SHD-1,ጄምስ ቦርሳው ውስጥ በተከማቸው አልባሳት ምክንያት ሊዘጋው አልቻለም. _ ብዛት አለው.,አልባሳት,ቦርሳው,1
3HJ1EVZS2QX5SGL4GSOKWZVGPWV3RY-2,"ሚሼል ብስኩቷን ስብ እና ምንም አይነት ቅቤ ሳትጨምር ሰራች, ምክንያቱም _ ቀለል ያለ ጣዕም እንደሚሰጠው ገምታለች.",ቅቤ,ማሳጠር,2
3HJ1EVZS2QX5SGL4GSOKWZVGPWV3RY-1,"ሚሼል ብስኩቷን ስብ እና ምንም አይነት ቅቤ ሳትጨምር ሰራች, ምክንያቱም _ ብስኩቱን እንደሚያከብደው ገምታለች.",ቅቤ,ማሳጠር,1
3TLFH2L6Y9METO36WJ3AL63XH3TT2G-1,ዴኒስ ለእረፍት ሄዷል ሆኖም ኔልሰን እቤት ቆይቶ ነበር. ስለዚህ በ _ ፍሪጅ ውስጥ ያለው ሰላጣ የበሰበሰ ነው.,ዴኒስ,ኔልሰን,1
3TLFH2L6Y9METO36WJ3AL63XH3TT2G-2,ዴኒስ ለእረፍት ሄዷል ሆኖም ኔልሰን እቤት ቆይቶ ነበር. ስለዚህ በ _ ፍሪጅ ውስጥ ያለው ሰላጣ ሳላድ ለማዘጋጀት ጥቅም ላይ ውሏል.,ዴኒስ,ኔልሰን,2
3V0TR1NRVA0JH6JKUXVHJGA3DQC4A6-2,ጄን የደርማ ሮለርዋን በውሃ ውስጥ አስቀመጠች. በዚህም ማጽጃው በ_ እንዲያጸዳላት ነው.,ደርማ ሮለርዋ,በውሃ,2
3V0TR1NRVA0JH6JKUXVHJGA3DQC4A6-1,ጄን የደርማ ሮለርዋን በውሃ ውስጥ አስቀመጠች. በዚህም ማጽጃው _ን እንዲያጸዳላት ነው.,ደርማ ሮለርዋ,በውሃ,1
32LAQ1JNTB327PBFZ1PGJNMXOF2TU1-2,ጄምስ ፋይሉን ለመሸከም የተጠቀመበት ቦርሳ አሁንም በውስጡ ተጨማሪ ቦታ አለው. ለምን ትንሽ የሆነውን _ እንደመረጠ አልገባኝም.,ቦርሳ,ፋይል,2
32LAQ1JNTB327PBFZ1PGJNMXOF2TU1-1,ጄምስ ፋይሉን ለመሸከም የተጠቀመበት ቦርሳ አሁንም በውስጡ ተጨማሪ ቦታ አለው. ለምን ትልቅ የሆነውን _ እንደመረጠ አልገባኝም.,ቦርሳ,ፋይል,1
31JUPBOORN21WQXQ3RAK966J43N8L4-1,ግሎከንስፒል መጫወትን መማር ለዴሪክ ቀላል ቢሆንም ለአዳም አይደለም ምክንያቱም _ ሙዚቀኛ ነው.,ዴሪክ,አዳም,1
31JUPBOORN21WQXQ3RAK966J43N8L4-2,"ግሎከንስፒል መጫወትን መማር ለዴሪክ ቀላል ቢሆንም ለአዳም አይደለም, ምክንያቱም _ ሙዚቀኛ  አይደለም.",ዴሪክ,አዳም,2
3VI0PC2ZA0YEB1028PE49KFFKM0XO6-2,የጉልበት መገጣጠሚያዬ ከቁርጭምጭሚት መገጣጠሚያዬ ያነሰ ጉዳት ስላለው በተቻለ መጠን በ _ ላይ ብዙ ክብደት ላለማድረግ እየሞከርኩ ነው.,የጉልበት መገጣጠሚያዬ,ቁርጭምጭሚት መገጣጠሚያዬ,2
3VI0PC2ZA0YEB1028PE49KFFKM0XO6-1,የጉልበት መገጣጠሚያዬ ከቁርጭምጭሚት መገጣጠሚያዬ የበለጠ ጉዳት ስላአለው በተቻለ መጠን በ _ ላይ ብዙ ክብደት ላለማድረግ እየሞከርኩ ነው.,የጉልበት መገጣጠሚያዬ,ቁርጭምጭሚት መገጣጠሚያዬ,1
3XABXM4AJ3JRHCCAFUUGIQTM9XA8QL-2,"ዶናልድ እንደ ማቲው ንጽህናውን መጠበቅ አይወድም ነበር, ስለዚህ _ ጥሩ ጠረን ነበረው.",ዶናልድ,ማቲው,2
3XABXM4AJ3JRHCCAFUUGIQTM9XA8QL-1,"ዶናልድ እንደ ማቲው ንጽህናውን መጠበቅ አይወድም ነበር, ስለዚህ _ መጥፎ ጠረን ነበረው.",ዶናልድ,ማቲው,1
3PKJ68EHDNUOUBAJ3ASD64MQ8GSHJH-1,"ሰውየው ለካሜራው ይልቅ ለመነፅሩ ሌንስ እንዳገኘ ተረዳ, የ_ ሌንስ በጣም ወፍራም ነበር.",ካሜራው,መነፅሩ,1
3PKJ68EHDNUOUBAJ3ASD64MQ8GSHJH-2,"ሰውየው ለካሜራው ይልቅ ለመነፅሩ ሌንስ እንዳገኘ ተረዳ, የ_ ሌንስ በጣም ቀጭን ነበር.",ካሜራው,መነፅሩ,2
3CZH926SIES118Z3U0937XO2MY24EM-1,"እሁድ ከሰአት በኋላ ላውራ የተወሰኑ የቅቤ ወተት ብስኩቶችን ለቪክቶሪያ ሰራች, እና _ እነሱን ለመስራት ፈጣን ነበረች.",ላውራ,ቪክቶሪያ,1
3CZH926SIES118Z3U0937XO2MY24EM-2,"እሁድ ከሰአት በኋላ ላውራ የተወሰኑ የቅቤ ወተት ብስኩቶችን ለቪክቶሪያ ሰራች, እና _ እነሱን ለመብላት ፈጣን ነበረች.",ላውራ,ቪክቶሪያ,2
3GKAWYFRAR7IYV7MWPQ74DHCD8SDP4-1,ችግሯን ለመቋቋም ታዳጊዋ በመጽሔቱ ላይ የጻፈች ሲሆን የ _ ገፆች ትልቅ ስለነበሩ ማስታወሻ ደብተር ላይ አልጻፈችም.,መጽሔቱ,ማስታወሻ ደብተር,1
3GKAWYFRAR7IYV7MWPQ74DHCD8SDP4-2,ችግሯን ለመቋቋም ታዳጊዋ በመጽሔቱ ላይ የጻፈች ሲሆን የ _ ገፆች አነስተኛ ስለነበሩ ማስታወሻ ደብተር ላይ አልጻፈችም.,መጽሔቱ,ማስታወሻ ደብተር,2
3G9UA71JVVSR1M47Q161FRXWUFWJ7L-2,ቦብ የምሽት ሸሚዝ የነበረውን ሸሚዝ ቀደደ _ አዲስ ስለሆነ ቱክሰዶ ሸሚዝ ለማምጣት ወሰነ.,የምሽት ሸሚዝ,ቱክሰዶ ሸሚዝ,2
3G9UA71JVVSR1M47Q161FRXWUFWJ7L-1,ቦብ የምሽት ሸሚዝ የነበረውን ሸሚዝ ቀደደ _ አረጌ ስለሆነ ቱክሰዶ ሸሚዝ ለማምጣት ወሰነ.,የምሽት ሸሚዝ,ቱክሰዶ ሸሚዝ,1
37NXA7GVST4Z72T3BKLU1KQRKNOLVZ-1,ኣዳኝ ራሱን ሊያጠፋ ሲያስብ _ በዚህ አስጨናቂ ሁኔታ ውስጥ ሆኖ በፍጹም ስለማያውቅ ሮበርት ለምክንያቱ ምላሽ ሰጠ.,ኣዳኝ,ሮበርት,1
37NXA7GVST4Z72T3BKLU1KQRKNOLVZ-2,ኣዳኝ ራሱን ሊያጠፋ ሲያስብ _ በዚህ አስጨናቂ ሁኔታ ውስጥ ሆኖ ከዚህ በፊት ስለሚያውቅ ሮበርት ለምክንያቱ ምላሽ ሰጠ.,ኣዳኝ,ሮበርት,2
37VHPF5VYC18TM3KQEHL6NGWAZ08CP-2,"ራቸል ታንያን በዩቲዩብ ቪዲዮዋ ውስጥ አካታለች, ነገር ግን _ ፍቃደኝነቷ ባለመጠየቁ ተናደደች.",ራቸል,ታንያ,2
37VHPF5VYC18TM3KQEHL6NGWAZ08CP-1,"ራቸል ታንያን በዩቲዩብ ቪዲዮዋ ውስጥ አካታለች, ነገር ግን _ ፍቃደኝነቷን ባለመጠየቋ ተጸጸተች.",ራቸል,ታንያ,1
3421H3BM9CVA9UR7PWGLLLCADYY9JU-1,በባቡሩ ሹፌር ሆና ፊሊሺያ ለዓመታት ቆይታለች ዛሬ ኤሌና ሽልማትና ክብር ለ_ ታበረክታለች.,ፊሊሺያ,ኤሌና,1
3421H3BM9CVA9UR7PWGLLLCADYY9JU-2,በባቡሩ ሹፌር ሆና ፊሊሺያ ለዓመታት ቆይታለች. ዛሬ ኤሌና ሽልማት ታበረክታለች.  _ ሽልማት በማበርከትዋ ክብር ተሰምቷታል.,ፊሊሺያ,ኤሌና,2
34XASH8KLS0L2PDZ9IPAN346MHFMPG-1,ፖሊሱ እስረኛውን ወደ በሩ ሊሸኘው ይችላል. ነገር ግን ወደ ክፍሉ መግባት አይፈቀድለትም. ምክንያቱም ወደ _ መግባት የተፈቀደ በመሆኑ ነው.,በሩ,ክፍሉ,1
34XASH8KLS0L2PDZ9IPAN346MHFMPG-2,"ፖሊሱ እስረኛውን ወደ በሩ ሊሸኘው ይችላል. ነገር ግን ወደ ክፍሉ መግባት አይችልም, ምክንያቱም ወደ _ መግባት የተከለከለ ስለሆነ ነው.",በሩ,ክፍሉ,2
3LOJFQ4BOXD2TFBZZZ9ZGY75VD8DKC-1,ብሬንዳ የእንጨት ፓነሎቿን በቫርኒሽ ስትቀባ ከሥሩ ያለው የኮንክሪት ወለል ተነካክቷል. ቫርኒሹ _ ን ጠብቋል እንዲሁም አስውቧል.,እንጨት ፓነሎቿ,ኮንክሪት,1
3LOJFQ4BOXD2TFBZZZ9ZGY75VD8DKC-2,ብሬንዳ የእንጨት ፓነሎቿን በቫርኒሽ ስትቀባ ከሥሩ ያለው የኮንክሪት ወለል ተነካክቷል. ቫርኒሹ _ ን አበላሽቷል.,እንጨት ፓነሎቿ,ኮንክሪት,2
3E22YV8GG14CQIZS1LSA8K5Y3PJPN6-1,"ጆን ዓሣውን በአዲሱ የዓሣ ማጠራቀሚያ ውስጥ በጠረጴዛ ላይ ለማስቀመጥ ጓጉቷል, ነገር ግን _ አቅም አልነበረውም.",ጠረጴዛ,የዓሣ ማጠራቀሚያ,1
3E22YV8GG14CQIZS1LSA8K5Y3PJPN6-2,"ጆን ዓሣውን በአዲሱ የዓሣ ማጠራቀሚያ ውስጥ በጠረጴዛ ላይ ለማስቀመጥ ጓጉቷል, ነገር ግን _ ክብደት ነበርው.",ጠረጴዛ,የዓሣ ማጠራቀሚያ,2
33KGGVH24UFELKUUIP4T5QEY2RB1XU-1,_ ስኳር ስለሚበዛበት ቡናው ሳይሆን ሻዩ የቤንን ጥርስ ይጎዳ ነበር.,ሻዩ,ቡናው,1
33KGGVH24UFELKUUIP4T5QEY2RB1XU-2,_ ስኳር ስለሌለው ቡናው ሳይሆን ሻዩ የቤንን ጥርስ ይጎዳ ነበር.,ሻዩ,ቡናው,2
3D0LPO3EABXOHHR5TNO600YFX6WOYN-1,ገላውን ለመታጠብ ከቅባት ይልቅ በሳሙና ማጽዳትን ይመርጣል. ምክንያቱም _ የሚያሳክክ ስሜት ነበረው.,ቅባት,ሳሙና,1
3D0LPO3EABXOHHR5TNO600YFX6WOYN-2,ገላውን ለመታጠብ ከቅባት ይልቅ በሳሙና ማጽዳትን ይመርጣል. ምክንያቱም _ የንጽህና ስሜት ይሰጠው ነበረው.,ቅባት,ሳሙና,2
3UEDKCTP9X416V9WSKID84LHXTQK70-1,ምንም እንኳን _ ራሷ ብርድ ቢሰማትም ካትሪና በቀዝቃዛው ምሽት ጃኬቷን ለካሪ ሰጠቻት.,ካትሪና,ካሪ,1
3UEDKCTP9X416V9WSKID84LHXTQK70-2,_  ብርድ ስለተሰማት ካትሪና በቀዝቃዛው ምሽት ጃኬቷን ለካሪ ሰጠቻት.,ካትሪና,ካሪ,2
3HO4MYYR12MHB21WJQ5NGF6BB5EU6Y-1,"አዳም የቆዳ ህክምና ባለሙያን ለመጎብኘት ቀጠሮ መያዝ ነበረበት, ነገር ግን ጆሴፍ አላደረገም. ምክንያቱም _ የቆዳ ችግር ነበረው..",አዳም,ጆሴፍ,1
3HO4MYYR12MHB21WJQ5NGF6BB5EU6Y-2,"አዳም የቆዳ ህክምና ባለሙያን ለመጎብኘት ቀጠሮ መያዝ ነበረበት, ነገር ግን ጆሴፍ አላደረገም. ምክንያቱም _ ጤነኛ ቆዳ ነበረው.",አዳም,ጆሴፍ,2
3LOJFQ4BOXD2TFBZZZ9ZGY75VBGKDN-2,"ናንሲ በፊልሞች ላይ ከከረሜላ ይልቅ ፋንዲሻ መብላት ትመርጣለች, ምክንያቱም _ ጣፋጭ ነው.",ፋንዲሻ,ከረሜላ,2
3LOJFQ4BOXD2TFBZZZ9ZGY75VBGKDN-1,"ናንሲ በፊልሞች ላይ ከከረሜላ ይልቅ ፋንዲሻ መብላት ትመርጣለች, ምክንያቱም _ ጨዋማ ነው.",ፋንዲሻ,ከረሜላ,1
36JW4WBR06I8P9ONKK1SR6UYAUBHFF-2,"ለፕሮጀክቱ ኤሚሊ ከቪክቶሪያ ጋር ተባብራ መስራት ነበረባት, ቪክቶሪያ አልተደሰተችም. _ከሌሎች ጋር መስራት ትጠላ ነበር.",ኤሚሊ,ቪክቶሪያ,2
36JW4WBR06I8P9ONKK1SR6UYAUBHFF-1,"ለፕሮጀክቱ ኤሚሊ ከቪክቶሪያ ጋር ተባብራ መስራት ነበረባት, ቪክቶሪያ አልተደሰተችም. _ከሌሎች ጋር መስራት ትወድ ነበር.",ኤሚሊ,ቪክቶሪያ,1
3EAWOID6MTVMA64HMRZB30Y3HPJV06-2,ማሪያ በአውቶቡስ ወደ ሥራ ስትሄድ ሜጋን የሞተር ሳይክል እየነዳች ትሄድ ነበር ምክንያቱም _ ጊዜው ያላለፈበት ፍቃድ ነበራት.,ማሪያ,ሜጋን,2
3EAWOID6MTVMA64HMRZB30Y3HPJV06-1,ማሪያ በአውቶቡስ ወደ ሥራ ስትሄድ ሜጋን የሞተር ሳይክል እየነዳች ትሄድ ነበር ምክንያቱም _ ጊዜው ያለፈበት ፍቃድ ነበራት.,ማሪያ,ሜጋን,1
3IQ9O0AYW8DXYYGF5K020KYNW0UTI8-1,ስቲቨን አንድ ጆሮ ብቻ ነበረው ነገር ግን ጄፍሪ ሁለት ነበረው. ይህ ማለት _ ቅርጹን ያልጠበቀ ነበር ማለት ነው.,ስቲቨን,ጄፍሪ,1
3IQ9O0AYW8DXYYGF5K020KYNW0UTI8-2,ስቲቨን አንድ ጆሮ ብቻ ነበረው. ነገር ግን ጄፍሪ ሁለት ነበር. ይህ ማለት _ ቅርጹን የጠበቀ ነበር.,ስቲቨን,ጄፍሪ,2
3NZ1E5QA6ZZ6WZSCEGENJJ0NQJ8B5I-2,_ ኤክስፐርት አናጺ ስለነበር ኬቨን ባለፈው ሳምንት ለካይል የእንጨት እቃዎችን ጠግኗል.,ኬቨን,ካይል,2
3NZ1E5QA6ZZ6WZSCEGENJJ0NQJ8B5I-1,_ ኤክስፐርት አናጺ አስፈልጎት ስለነበር ኬቨን ባለፈው ሳምንት ለካይል የእንጨት እቃዎችን ጠግኗል.,ኬቨን,ካይል,1
3TLFH2L6Y9METO36WJ3AL63XCGGT2O-2,ኤሪክ ልብሶቹ ቢወዳቸውም ኬቨን ግን አልተስማማም. _ ልብሶቹን አልገዛም.,ኤሪክ,ኬቨን,2
3TLFH2L6Y9METO36WJ3AL63XCGGT2O-1,ኤሪክ ልብሶቹ ቢወዳቸውም ኬቨን ግን አልተስማማም. _ ልብሳቹን ገዛ.,ኤሪክ,ኬቨን,1
38DCH97KHH01749MM0F7FIERULOJQA-1,"ከቪክቶሪያ አንጻር ጄሲካ ብዙውን ጊዜ ከባድ የማቅለሽለሽ ስሜት ያጋጥማታል, ስለዚህ _ በሮለር ኮስተር አትሄድም.",ጄሲካ,ቪክቶሪያ,1
38DCH97KHH01749MM0F7FIERULOJQA-2,"ከቪክቶሪያ አንጻር ጄሲካ ብዙውን ጊዜ ከባድ የማቅለሽለሽ ስሜት ያጋጥማታል, ስለዚህ _ በሮለር ኮስተር ትሄዳለች.",ጄሲካ,ቪክቶሪያ,2
375VSR8FVYN6D9SX1ZJT000V3J3RZB-2,ጄፍሪ የተጠቀመበት ስርዓት ከራንዲ ጋር ሲወዳደር አስደናቂ ነበር. ምክንያቱም _ ስርዓት አነስተኛ ጥራት ያለው ነው.,ጄፍሪ,ራንዲ,2
375VSR8FVYN6D9SX1ZJT000V3J3RZB-1,ጄፍሪ የተጠቀመበት ስርዓት ከራንዲ ጋር ሲወዳደር አስደናቂ ነበር. ምክንያቱም _ ስርዓት ከፍተኛ ጥራት ያለው ነው.,ጄፍሪ,ራንዲ,1
31JUPBOORPIGQFWXNPMK14USYAP8LZ-2,ጄሪ ምንም እንኳን _ በጣም ያደገ ቢሆንም ፀጉሩን ሻምፖ ለማድረግ ከጢሙ የበለጠ ጊዜ ፈጅቶበታል.,ፀጉሩን,ጢሙ,2
31JUPBOORPIGQFWXNPMK14USYAP8LZ-1,ጄሪ ምንም እንኳን _ በድንብ የተቆረጠው ቢሆንም ፀጉሩን ሻምፖ ለማድረግ ከጢሙ የበለጠ ጊዜ ፈጅቶበታል.,ፀጉሩን,ጢሙ,1
3WRKFXQBOB5ELVG2VSB1G32TGHMIYA-2,"በተፈጥሮ የእግር ጉዞ ላይ ቆይተሽ ታውቂያለሽ በማለት ሳማንታ ታንያን ጠየቀቻት, _ ለጥያቄው ምላሽ እየሰጠች ነው.",ሳማንታ,ታንያ,2
3WRKFXQBOB5ELVG2VSB1G32TGHMIYA-1,"በተፈጥሮ የእግር ጉዞ ላይ ቆይተሽ ታውቂያለሽ በማለት ሳማንታ ታንያን ጠየቀቻት, _ ለጥያቄዋ መልስ እየጠበቀች ነው.",ሳማንታ,ታንያ,1
3BA7SXOG1JOCZOS38B7GVIFIFGW8RP-1,ቤን በልብስ ንግድ እና በአካል ብቃት እንቅስቃሴ ንግድ መካከል ይመርጥ ነበር. ጤነኛ ስለነበር _ንግዱን ከፍተ.,አካል ብቃት እንቅስቃሴ,ልብስ,1
3BA7SXOG1JOCZOS38B7GVIFIFGW8RP-2,ቤን በልብስ ንግድ እና በአካል ብቃት እንቅስቃሴ ንግድ መካከል ይመርጥ ነበር. ጤነኛ ስላልነበር _ንግዱን ከፍተ.,አካል ብቃት እንቅስቃሴ,ልብስ,2
30ZKOOGW2W42P7M17FCFLI30WQ91AW-2,ጄሰን ሎጋን ካለማመደው በኋላ ወደ ሥራ ቃለ መጠይቅ እየሄደ ነበር. _ ኩሩ ነበር.,ጄሰን,ሎጋን,2
30ZKOOGW2W42P7M17FCFLI30WQ91AW-1,ጄሰን ሎጋን ካለማመደው በኋላ ወደ ሥራ ቃለ መጠይቅ እየሄደ ነበር. _ ኣመስጋኝ ነበር.,ጄሰን,ሎጋን,1
38LRF35D5LUIEJEE0O7P9CUR1983UN-1,"አዳም ስቲቨንን የሚያስከፋውን ሰማያዊ ቀልድ አገኘው, ምክንያቱም _ ራሱ ያገኘውን እድል ስለሚያውቅ ነው.",አዳም,ስቲቨን,1
38LRF35D5LUIEJEE0O7P9CUR1983UN-2,"አዳም ስቲቨንን የሚያስከፋውን ሰማያዊ ቀልድ አገኘው, ምክንያቱም _ ራሱ ያገኘውን እድል ስለማያውቅ ነው.",አዳም,ስቲቨን,2
3CMIQF80GNOPJ9UF2HLI6E9M8HA6Q1-2,ሜሪ የተሻለ የአካል ቅርጽ ስለነበራት ከኤሚሊ የበለጠ ሰውነቷን ማሳየት ትወዳለች. _ ባህር ዳርቻ ቢኪኒ መልበስ አትወድም.,ሜሪ,ኤሚሊ,2
3CMIQF80GNOPJ9UF2HLI6E9M8HA6Q1-1,ሜሪ የተሻለ የአካል ቅርጽ ስለነበራት ከኤሚሊ የበለጠ ሰውነቷን ማሳየት ትወዳለች. _ ባህር ዳርቻ ቢኪኒ መልበስ ትወዳለች.,ሜሪ,ኤሚሊ,1
31S7M7DAGI4ZOZOLQNXFS0QEB4XTLR-1,"አዳም አያቱን ዊሊያምን በጣም ይወዳታል, _ በአውሮፓ ጉዞ ሊያስገርማት ወሰነ.",አዳም,ዊሊያም,1
31S7M7DAGI4ZOZOLQNXFS0QEB4XTLR-2,"አዳም አያቱን ዊሊያምን በጣም ይወዳታል, _ በአውሮፓ ጉዞ ተገረመች.",አዳም,ዊሊያም,2
3G3AJKPCXLQKDOHNA39XM2SAB2JY4F-1,ኤሪክ ከጀስቲን ይልቅ ለመደሰት ቀላል ነበር. ምክንያቱም _ ጥሩ ስሜት ነበረው.,ኤሪክ,ጀስቲን,1
3G3AJKPCXLQKDOHNA39XM2SAB2JY4F-2,ኤሪክ ከጀስቲን ይልቅ ለመደሰት ቀላል ነበር. ምክንያቱም _ መጥፎ ስሜት ነበረው.,ኤሪክ,ጀስቲን,2
3DW3BNF1GJWJMK8R1TOQODSUPG98VG-1,"_ ቀደሞ ብዙ ገንዘብ ስለተበደረ, ክፍያው በጄሰን ለዴኒስ ተከፍሏል.",ጄሰን,ዴኒስ,1
3DW3BNF1GJWJMK8R1TOQODSUPG98VG-2,"ቀደም ሲል _ ብዙ ገንዘብ ስላበደረ, ክፍያው በጄሰን ለዴኒስ ተከፍሏል.",ጄሰን,ዴኒስ,2
3P458N04Q1FLA5CQ1T47A9O3PFV2XD-1,"ቪክቶሪያ በሳራ ጠረን የተነሳ ተጸየፈች, እና _ በዙሪያቸው እንድትሆን አልፈለገችም.",ቪክቶሪያ,ሳራ,1
3P458N04Q1FLA5CQ1T47A9O3PFV2XD-2,"ቪክቶሪያ በሳራ ጠረን የተነሳ ተጸየፈች, እና _ በዙሪያቸው ለመሆን አፈረች.",ቪክቶሪያ,ሳራ,2
3D0LPO3EADD3B6QCDL06SYMOM5COYB-2,ቲና አዲስ ምንጣፍ ስለነበራት ወደ ቤት ሲገቡ እንግዶች ጫማቸውን እንዲያወልቁ ጠይቃለች. እሷ _ መቆሸሽ የለበትም አለች.,ጫማቸው,ምንጣፍ,2
3D0LPO3EADD3B6QCDL06SYMOM5COYB-1,ቲና አዲስ ምንጣፍ ስለነበራት ወደ ቤት ሲገቡ እንግዶች ጫማቸውን እንዲያወልቁ ጠይቃለች. እሷ _ አብዛኛውን ጊዜ ቆሻሻ ነው አለች.,ጫማቸው,ምንጣፍ,1
3YGE63DIN8VZPV4MC147P2HHJJW0WX-1, _ የላቀ የሪትም ስሜት ስለበራት ሳማንታ የዳንስ ውድድርን ጄኒፈርን አሸንፋለች.,ሳማንታ,ጄኒፈር,1
3YGE63DIN8VZPV4MC147P2HHJJW0WX-2,  _ ደካማ የሪትም ስሜት ስለነበራት ሳማንታ የዳንስ ውድድርን ጄኒፈርን አሸንፋለች.,ሳማንታ,ጄኒፈር,2
3L60IFZKF5W7XUE0Z81SMPUJJJGHH1-2,ጄሲካ ከሪቤካ ትቀጥን ነበረ ምክንያቱም _ ቸኮሌት በየቀኑ ማለት ይቻላል እንደ መክሰስ ትበላ ነበር.,ጄሲካ,ሪቤካ,2
3L60IFZKF5W7XUE0Z81SMPUJJJGHH1-1,ጄሲካ ከሪቤካ ትወፍር ነበረ ምክንያቱም _ ቸኮሌት በየቀኑ ማለት ይቻላል እንደ መክሰስ ትበላ ነበር.,ጄሲካ,ሪቤካ,1
3J5XXLQDHOPXLN2LPCTUXWKI8TVV3K-2,_ በጣም ተጣጣፊ አካል ስለነበራት ታንያ እንደ ጄኒፈር መዘርጋት አልቻለችም.,ታንያ,ጄኒፈር,2
3J5XXLQDHOPXLN2LPCTUXWKI8TVV3K-1,_ በጣም የተሳሰረ አካል ስለነበራት ታንያ እንደ ጄኒፈር መዘርጋት አልቻለችም.,ታንያ,ጄኒፈር,1
375VSR8FVW7RJKTQH17T82CMEOIRZQ-2,ቤን መኪናውን ወይም ሞተር ብስክሌቱን መንዳት ማቆም ነበረበት. ለአደጋ ብዙም ስለማያጋልጥ _ ለማቆም መረጠ.,ሞተር ብስክሌቱን,መኪናውን,2
375VSR8FVW7RJKTQH17T82CMEOIRZQ-1,ቤን መኪናውን ወይም ሞተር ብስክሌቱን መንዳት ማቆም ነበረበት. ደህንነቱ የተጠበቀ ስላልሆነ _ ለማቆም መረጠ.,ሞተር ብስክሌቱን,መኪናውን,1
3R0WOCG21M7GWBGBTDD1MLG3SN5DU5-2,ራንዲ ከኬኔት ይልቅ ከልጆች ጋር በማስመሰል መጫወት ይሻላል ምክንያቱም _ የበለጠ ቁጥብ ሰው ነው.,ራንዲ,ኬኔት,2
3R0WOCG21M7GWBGBTDD1MLG3SN5DU5-1,ራንዲ ከኬኔት ይልቅ ከልጆች ጋር በማስመሰል መጫወት ይሻላል ምክንያቱም _ የበለጠ ተጫዋች ሰው ነው.,ራንዲ,ኬኔት,1
3CZH926SIES118Z3U0937XO2MSRE49-1,ጀምስ ለወርቁ የለወጠውን ብር ለመሰብሰብ ትልቅ ሳጥን ያስፈልገው ነበር. ምክንያቱም _ ብዙ ነው.,ብር,ወርቁ,1
3CZH926SIES118Z3U0937XO2MSRE49-2,ጀምስ ለወርቁ የለወጠውን ብር ለመሰብሰብ ትልቅ ሳጥን ያስፈልገው ነበር. ምክንያቱም _ አነስተኛ ነው.,ብር,ወርቁ,2
39RRBHZ0AWFY6G9EAJO31XPYOWJZVT-2,ከፓርኩ ይልቅ ብዙ ወፎች በአትክልቱ ስፍራ ውስጥ ነበሩ ምክንያቱም _ ሳር ብቻ ነበረው.,አትክልቱ ስፍራ,ፓርኩ,2
39RRBHZ0AWFY6G9EAJO31XPYOWJZVT-1,ከፓርኩ ይልቅ ብዙ ወፎች በአትክልቱ ስፍራ ውስጥ ነበሩ ምክንያቱም _ ፍራፍሬዎች ነበሩት.,አትክልቱ ስፍራ,ፓርኩ,1
3ZVPAMTJWPH6MSXSB7V4FTKORCZGR0-1,ኬይላ ከልጇ ከሳራ ጋር ስለ ጉርምስና ለመነጋገር ወሰነች ምክንያቱም _ የመጀመሪያ የወር አበባ ማየቷን ስላወቀች ነው.,ኬይላ,ሳራ,1
3ZVPAMTJWPH6MSXSB7V4FTKORCZGR0-2,ኬይላ ከልጇ ከሳራ ጋር ስለ ጉርምስና ለመነጋገር ወሰነች ምክንያቱም _ የመጀመሪያ የወር አበባ ስላየች ነው.,ኬይላ,ሳራ,2
3D7VY91L65V446DI6FV90LB9HXIBMZ-2,"የፓም እንሽላሊቱ በሩ ውስጥ ጅራቱን ከያዘው በኋላ ከወንበሩ ይልቅ ከሶፋው ስር ሮጠ, ምክንያቱም _ የበለጠ አስፈሪ ነበር.",ሶፋው,ወንበሩ,2
3D7VY91L65V446DI6FV90LB9HXIBMZ-1,"የፓም እንሽላሊቱ በሩ ውስጥ ጅራቱን ከያዘው በኋላ ከወንበሩ ይልቅ ከሶፋው ስር ሮጠ, ምክንያቱም _ የተሻለ ነበር.",ሶፋው,ወንበሩ,1
3PUOXASB59H099WB7IJ79F00WSRZ9D-2,"ጄፍሪ ስሜቱን የበለጠ ውጤታማ በሆነ መንገድ እንዲገልጽ ጆኤልን ጠየቀው, ነገር ግን ምክንያታዊ የሆነው _ ነበር.",ጄፍሪ,ጆኤል,2
3PUOXASB59H099WB7IJ79F00WSRZ9D-1,"ጄፍሪ ስሜቱን የበለጠ ውጤታማ በሆነ መንገድ እንዲገልጽ ጆኤልን ጠየቀው, ነገር ግን ራስወዳድ የሆነው _ ነበር.",ጄፍሪ,ጆኤል,1
3A3KKYU7P3FWS9BT16R5NZOUMH7MWU-2,ምንም እንኳን _ የበለጠ ተንቀሳቃሽ ብትሆንም ጄኒፈር ስፖርት በመጫወት ከላውራ የተሻለች ነበረች.,ጄኒፈር,ላውራ,2
3A3KKYU7P3FWS9BT16R5NZOUMH7MWU-1,_ የበለጠ ተንቀሳቃሽ በመሆኗ ጄኒፈር ስፖርት በመጫወት ከላውራ የተሻለች ነበረች.,ጄኒፈር,ላውራ,1
3AQN9REUTFEXDK0G3EAQP6MGTS8DYY-1,ኳሱ በአየር ላይ ሲሄድ ከቅርጫት ኳስ በላይ ይበር ነበር. _ ቀለል ያለ ነበር.,ኳሱ,ቅርጫት ኳስ,1
3AQN9REUTFEXDK0G3EAQP6MGTS8DYY-2,ኳሱ በአየር ላይ ሲሄድ ከቅርጫት ኳስ በላይ ይበር ነበር. _ ከበድ ያለ ነበር.,ኳሱ,ቅርጫት ኳስ,2
3AXFSPQOYQW4GFJD8K4D3JADNLLJFQ-2,"ዴኒስ ፖፕ ሙዚቃን ይወድ ነበር, ነገር ግን ጄሰን ክላሲካል ሙዚቃን ይመርጣል. _ ባለጅማት ሙዚቃ መሳሪያዎችን ይወዳል.",ዴኒስ,ጄሰን,2
3AXFSPQOYQW4GFJD8K4D3JADNLLJFQ-1,"ዴኒስ ፖፕ ሙዚቃን ይወድ ነበር, ነገር ግን ጄሰን ክላሲካል ሙዚቃን ይመርጣል. _ የሚያስጨፍር ሙዚቃ ይወዳል.",ዴኒስ,ጄሰን,1
3OREP8RUT294CWHWVCXENGRCLDYGBS-1,ወደምሰራው ምግብ እንደ ጨው እና በርበሬ ያሉ ቅመሞችን ጨመርኩ.  _ ምግቡን ጨዋማ ያደርገዋል.,ጨው,በርበሬ,1
3OREP8RUT294CWHWVCXENGRCLDYGBS-2,ወደ ማብሰያዬ እንደ ጨው እና በርበሬ ያሉ ቅመሞችን ጨመርኩ. _ ምግቡን እንዲያቃጥል ያደርገዋል.,ጨው,በርበሬ,2
3R5LWXWHR06BPZKX08PWCDI4Z2QGX8-2,"በገበያ ማዕከሉ ውስጥ, ላውራ እሷን ለማስዋብ ቤቲ ላይ ሜካፕ አደረገች ምክንያቱም _ በጣም ቆንጆ ስላልነበረች ነው.",ላውራ,ቤቲ,2
3R5LWXWHR06BPZKX08PWCDI4Z2QGX8-1,"በገበያ ማዕከሉ ውስጥ, ላውራ እሷን ለማስዋብ ቤቲ ላይ ሜካፕ አደረገች ምክንያቱም _ ባለሙያ ስለነበረች ነው.",ላውራ,ቤቲ,1
3RWB1RTQDL16H0BVFHFRIL3C3ZC8PD-1,የአካል ብቃት እንቅስቃሴ ከማድረጉ በፊት _ን ስላሟሟቀው የጄሰን እግር ከእጁ የበለጠ ታመመ.,እጁ,እግሩ,1
3RWB1RTQDL16H0BVFHFRIL3C3ZC8PD-2,የአካል ብቃት እንቅስቃሴ ከማድረጉ በፊት _ን ቢያሟሙቀውም የጄሰን እግር ከእጁ የበለጠ ታመመ.,እጁ,እግሩ,2
3R6RZGK0XHQY1QZ9EXMKNQGVH4HYV4-2,"ራንዲ ከዴሪክ ዓሣ ማጥመድን ተምሯል, ምክንያቱም _ የዓመታት ልምድ ያካበተ ነበር.",ራንዲ,ዴሪክ,2
3R6RZGK0XHQY1QZ9EXMKNQGVH4HYV4-1,"ራንዲ ከዴሪክ ዓሣ ማጥመድን ተምሯል, ምክንያቱም _ ገና ጀማሪ ነበር.",ራንዲ,ዴሪክ,1
3QD8LUVX4XWD92VDJC658GRFE7NX5F-1,ኬይላ ማሪያን ወደ መዋለ ሕጻናት የመጀመሪያ ቀንዋ እየነዳች ሳለ ፖሊስ መኮንኑ ለ_ ትኬት ሰጣት.,ኬይላ,ማሪያ,1
3QD8LUVX4XWD92VDJC658GRFE7NX5F-2,ኬይላ ማሪያን ወደ መዋለ ሕጻናት የመጀመሪያ ቀንዋ እየነዳች ሳለ ፖሊስ መኮንኑ ለ_ ከረሜላ ሰጣት.,ኬይላ,ማሪያ,2
3OQQD2WO8KKSZHILQ5UBI7UO0L23IM-2,"ቼስ ለሰውነት ጎጂ ነው ለአእምሮ ግን ጥሩ ነው, ምክንያቱም ማሰብ ለ _ እድገት ጠቃሚ ነው.",ሰውነት,አእምሮ,2
3OQQD2WO8KKSZHILQ5UBI7UO0L23IM-1,"ቼስ ለሰውነት ጎጂ ነው ለአእምሮ ግን ጥሩ ነው, ምክንያቱም ማሰብ ለ _ እድገት ፋይዳ የለውም.",ሰውነት,አእምሮ,1
3PKVGQTFIHIREUJLLF5AUV3K8W3YRZ-2,"ኤሚ ለስላሳ የጥርስ ብሩሽ ፈልጋለች, ነገር ግን ሜሪ ጠንካራ ፈልጋለች ምክንያቱም _ ስለ ጠጣር ቆሻሻ ተጨንቃለች.",ኤሚ,ሜሪ,2
3PKVGQTFIHIREUJLLF5AUV3K8W3YRZ-1,"ኤሚ ለስላሳ የጥርስ ብሩሽ ፈልጋለች, ነገር ግን ሜሪ ጠንካራ ፈልጋለች ምክንያቱም _ ስለቁስል ተጨንቃለች.",ኤሚ,ሜሪ,1
3IV1AEQ4DTRAVP8XK4A7LPH0UT2J86-2,ጄፍሪ _ አዲስ የመኖሪያ ቦታ እንዲኖረው ለኬኔት ቤት ሰራ.,ጄፍሪ,ኬኔት,2
3IV1AEQ4DTRAVP8XK4A7LPH0UT2J86-1,_ ጥሩ አዲስ የመኖሪያ ቦታ እንዲኖረው ጄፍሪ በኬኔት ድጋፍ ቤት ገነባ.,ጄፍሪ,ኬኔት,1
3HRWUH63QU08X8H9H6JWAE0H7AE5NX-1,"ሜጋን  ልጅ ነበራት ካትሪና ግን ኮሌጅ የደረሰ ልጅ ነበራት, ስለዚህ _ እስከ አሁንም ዳይፐር መቀየር ነበረባት.",ሜጋን,ካትሪና,1
3HRWUH63QU08X8H9H6JWAE0H7AE5NX-2,ሜጋን ልጅ ነበራት ካትሪና ግን ኮሌጅ የደረሰ ልጅ ነበራት፣ ስለዚህ _ አሁን ዳይፐር መቀየር አይጠበቅባትም.,ሜጋን,ካትሪና,2
3XD2A6FGFP838XAXCQPZDM3X9DR9SI-2,"ሜጋን አበባዎችን ከካሪ ተቀበለች, ምክንያቱም _ አብረው እንዲወጡ ልጠይቃት ስለፈለገች ነው.",ሜጋን,ካሪ,2
3XD2A6FGFP838XAXCQPZDM3X9DR9SI-1,"ሜጋን አበባዎችን ለካሪ ሰጠች, ምክንያቱም _ አብረው እንዲወጡ ልጠይቃት ስለፈለገች ነው.",ሜጋን,ካሪ,1
35U0MRQMUJ57DNW0OC1MT1ULA7DOVS-2,የቆሻሻ መጣያ ሣጥኑን ባዶ ማድረግ ለአዳም የሚያስፈራ ስራ ሲሆን ሎውረንስ ግን ምንም አይመስለውም. _ሌላ ሰው እንዲሰራው ለማድረግ አይሞክርም.,አዳም,ሎውረንስ,2
35U0MRQMUJ57DNW0OC1MT1ULA7DOVS-1,የቆሻሻ መጣያ ሣጥኑን ባዶ ማድረግ ለአዳም የሚያስፈራ ስራ ሲሆን ሎውረንስ ግን ምንም አይመስለውም. _ሌላ ሰው እንዲሰራው ለማድረግ ሁሌ ይሞክራል.,አዳም,ሎውረንስ,1
3DGDV62G7O7G1WAZF2UQGW20NHGP28-2,"ማቲው ቅዳሜና እሁድ ሕፃን በመጠበቅ ሲያሳልፍ ቤንጃሚን በእረፍት ላይ ነበር, እና _ የእረፍት ጊዜውን ዘና ብሎ ኣልፏል.",ማቲው,ቤንጃሚን,2
3DGDV62G7O7G1WAZF2UQGW20NHGP28-1,"ማቲው ቅዳሜና እሁድ ሕፃን በመጠበቅ ሲያሳልፍ ቤንጃሚን በእረፍት ላይ ነበር, እና _ ህጻኑን በአግባቡ መግቧል.",ማቲው,ቤንጃሚን,1
3ZCC2DXSD720BVV7ZAX42RWH6ZLYYV-2,ኬቨን የማራቶን ሩጫውን ከዴኒስ የበለጠ ቀላል ሆኖ አግኝቶታል. _ ማጨስ ለማቆም በተደጋጋሚ ይሞክራል.,ኬቨን,ዴኒስ,2
3ZCC2DXSD720BVV7ZAX42RWH6ZLYYV-1,ኬቨን የማራቶን ሩጫውን ከዴኒስ የበለጠ ቀላል ሆኖ አግኝቶታል. _ ማጨስ አቁሟል.,ኬቨን,ዴኒስ,1
3SX4X51T82N2FOS9XFMQPC4GIKHOAI-2,"ሎውረንስ ከማይክል ውድ የሆነውን ሥዕል ለመስረቅ አቅዷል, ምክንያቱም _ በመጨረሻ የሚያምር ነገር ነበረው.",ሎውረንስ,ማይክል,2
3SX4X51T82N2FOS9XFMQPC4GIKHOAI-1,"ሎውረንስ ከማይክል ውድ የሆነውን ሥዕል ለመስረቅ አቅዷል, ምክንያቱም _ በመጨረሻ የሚያምር ነገር እንዲኖረው ፈለገ.",ሎውረንስ,ማይክል,1
3EHVO81VN7ZWTJTMXJY7U2ED3YPH1I-2,ጆርዳን ትንሽ ፈረሱን እንዲቆይበት ሜዳ እና ጎተራ ሰጠው. እና ፈረሱ ሲሞቅ _ን ይወድ ነበር.,ጎተራ,ሜዳ,2
3EHVO81VN7ZWTJTMXJY7U2ED3YPH1I-1,ጆርዳን ትንሽ ፈረሱን እንዲቆይበት ሜዳ እና ጎተራ ሰጠው. እና ፈረሱ ሲቀዘቅዝ _ን ይወድ ነበር.,ጎተራ,ሜዳ,1
3J6BHNX0UB6Q9G1J8RZ24178YD1KNU-1,ሀሳቡ የተሰጠው ለስቲቨን እንዲያስብበት ነው እንጂ ለራያን አይደለም ምክንያቱም _ የበለጠ አዲስ ሃሳብ ፈጣሪ ነው.,ስቲቨን,ራያን,1
3J6BHNX0UB6Q9G1J8RZ24178YD1KNU-2,"ሀሳቡ የተሰጠው ለስቲቨን እንዲያስብበት ነው እንጂ ለራያን አይደለም, ምክንያቱም _ አዲስ ሃሳብ ፈጣሪ አይደለም.",ስቲቨን,ራያን,2
38DCH97KHJGG1T8T6YR77G2ZNUIJQY-2,ማይክል የምግብ ትልን እንደ የቤት እንስሳት ምግብ ገዝቷል ነገር ግን ኬኔት አልገዛም ምክንያቱም _ እንደ የቤት እንስሳ ትንሽ ፈረስ ነበረው.,ማይክል,ኬኔት,2
38DCH97KHJGG1T8T6YR77G2ZNUIJQY-1,ማይክል የምግብ ትልን እንደ የቤት እንስሳት ምግብ ገዝቷል ነገር ግን ኬኔት አልገዛም ምክንያቱም _ እንደ የቤት እንስሳ እንሽላሊት ነበረው.,ማይክል,ኬኔት,1
3BA7SXOG1L4RTDRAS9JGNG3R5E6R8P-1,ከአድካሚው ውይይት በኋላ ሞቅ ያለ ንግግር ተደረገ.  _ በጣም ደባሪ ነበር.,ውይይት,ንግግር,1
3BA7SXOG1L4RTDRAS9JGNG3R5E6R8P-2,ከአድካሚው ውይይት በኋላ ሞቅ ያለ ንግግር ተደረገ.  _ በጣም ደስ ይል ነበር.,ውይይት,ንግግር,2
3X2LT8FDHWGH7K9P75HMIHNZ2BB8WJ-1,_ ብዙ ስጦታ ስላገኘ ላውረንስ ከቤንጃሚን የበለጠ አመስጋኝ ነበር.,ላውረንስ,ቤንጃሚን,1
3X2LT8FDHWGH7K9P75HMIHNZ2BB8WJ-2,_ ትንሽ ስጦታ ስላገኘ ላውረንስ ከቤንጃሚን የበለጠ አመስጋኝ ነበር.,ላውረንስ,ቤንጃሚን,2
30IRMPJWDZHWUPU4H04JLNO95XYKRL-2,ሜሪ አንድ ጠቃሚ ፓኬጅ ለሣራ እየላከች ነው. ስለዚህ _ ከፖስታ ቤት ትቀበላለች.,ሜሪ,ሣራ,2
30IRMPJWDZHWUPU4H04JLNO95XYKRL-1,ሜሪ አንድ ጠቃሚ ፓኬጅ ለሣራ እየላከች ነው. ስለዚህ _ በፖስታ ቤት ትልካለች.,ሜሪ,ሣራ,1
37AQKJ12TXM8DNXJFYN6MTCNC09TTA-2,_ ማንበብ ስለሚያስቸግረው ክሬግ በትምህርት ቤቱ ውስጥ ያሉትን ማንበብ የተቸገሩ ተማሪዎችን ለመርዳት ፈቃደኛ ሲሆን ጆኤል ግን ይርቃቸው ነበር.,ክሬግ,ጆኤል,2
37AQKJ12TXM8DNXJFYN6MTCNC09TTA-1,"_ ማንበብ ስለሚወድ, ክሬግ በትምህርት ቤቱ ውስጥ ያሉትን ማንበብ የተቸገሩ ተማሪዎችን ለመርዳት ፈቃደኛ ሲሆን ጆኤል ግን ይርቃቸው ነበር.",ክሬግ,ጆኤል,1
3LOJFQ4BOZTHN4A6JXLZ8WVEK9ZDK5-1,"ሣራ የሜሪ የንግግር ክፍል ወሰደች; የመጨረሻ ፈተናዋን ስታልፍ, _ በአይስ ክሬም አከበረች.",ሣራ,ሜሪ,1
3LOJFQ4BOZTHN4A6JXLZ8WVEK9ZDK5-2,"ሣራ የሜሪን የንግግር ክፍል አስተማረች; የመጨረሻ ፈተናዋን ስታልፍ, _ በአይስ ክሬም አከበረች.",ሣራ,ሜሪ,2
3VMHWJRYHVE5BZO2POJEUSISYL0XFW-1,"ጆሴፍ ውሻቸውን በመጠባበቂያ ክፍል ውስጥ ከሌስሊ በተለየ መልኩ አዘጋጀ, ስለዚህ _ ንፁህ ውሻ ነበረው.",ጆሴፍ,ሌስሊ,1
3VMHWJRYHVE5BZO2POJEUSISYL0XFW-2,"ጆሴፍ ውሻቸውን በመጠባበቂያ ክፍል ውስጥ ከሌስሊ በተለየ መልኩ ለማዘጋጀት ወሰነ, ስለዚህ _ ቆሻሻ ውሻ ነበራት.",ጆሴፍ,ሌስሊ,2
3WKGUBL7SZK0DPAOROK7SUQE70KL4A-2,ሴትየዋ ቀሚሱን ሳጥኗ ውስጥ ለመስቀል ፈለገች ግን _ በጣም ትልቅ ነበር.,ሳጥኗ,ቀሚሱ,2
3WKGUBL7SZK0DPAOROK7SUQE70KL4A-1,ሴትየዋ ቀሚሱን ሳጥኗ ውስጥ ለመስቀል ፈለገች ግን _ በጣም አነስተኛ ነበር.,ሳጥኗ,ቀሚሱ,1
371Q3BEXDJNIEOSAGOJYQA5RQUIZSM-2,"ኢየን እብጠቱን በብሬት እግር ላይ አላየም, ምክንያቱም _ የዓይን ምርመራ ብቻ እየተደረገለት ነው.",ኢየን,ብሬት,2
371Q3BEXDJNIEOSAGOJYQA5RQUIZSM-1,"ኢየን እብጠቱን በብሬት እግር ላይ አላየም, ምክንያቱም _ የዓይን ምርመራ ብቻ እያደረገ ነበር.",ኢየን,ብሬት,1
3G3AJKPCXN6Z7DGUU1LXE0GI4024YC-2,በከረጢቱ ውስጥ የተሰበሰቡት ድንጋዮች ከተሰበሰቡት ሳንቲሞች በክብደት ይበልጣሉ ምክንያቱም _ በቁጥር ትንሽ ናቸው.,ድንጋዮች,ሳንቲሞች,2
3G3AJKPCXN6Z7DGUU1LXE0GI4024YC-1,በከረጢቱ ውስጥ የተሰበሰቡት ድንጋዮች ከተሰበሰቡት ሳንቲሞች በክብደት ይበልጣሉ ምክንያቱም _ በቁጥር ብዙ ናቸው.,ድንጋዮች,ሳንቲሞች,1
3ZC62PVYDH8MBLFNPIP00ZIZ2NGXX1-2,ሳሙኤል የአሉሚኒየም ጣሳዎችን እንደገና ጥቅም ላይ ማዋልን ያውቅ ነበር. ነገር ግን ሎጋን አያውቅም ምክንያቱም _ ተጨማሪ ገንዘብ አስፈልጎት አያውቅም.,ሳሙኤል,ሎጋን,2
3ZC62PVYDH8MBLFNPIP00ZIZ2NGXX1-1,ሳሙኤል የአሉሚኒየም ጣሳዎችን እንደገና ጥቅም ላይ ማዋልን ያውቅ ነበር. ነገር ግን ሎጋን አያውቅም ምክንያቱም ሁሌ _ ተጨማሪ ገንዘብ ያስፈልገዋል.,ሳሙኤል,ሎጋን,1
3VMV5CHJZ8D48IBDVYOZNAXYRK6GTQ-1,ጄሲካ ከተራ ሻምፖ ይልቅ ለፀጉሯ የቅንጦት ሻምፖ ትጠቅማለች. _ ሻምፖ ፀጉሯን ያሳምርላታል.,የቅንጦት,ተራ,1
3VMV5CHJZ8D48IBDVYOZNAXYRK6GTQ-2,ጄሲካ ከተራ ሻምፖ ይልቅ ለፀጉሯ የቅንጦት ሻምፖ ትጠቅማለች. _ ሻምፖ ፀጉሯን ይጎዳል.,የቅንጦት,ተራ,2
3L84EBDQ370A7LH9RGVMKB2VA7WKKO-2,"ራቼል ውሻ ነበራት ነገር ግን የሲንቲያ ውሻ በቅርቡ ለማደጎ ተሰጥቷል,ስለዚህ _ የድሮ የውሻ ማሰሪያውን ሰጠቻት.",ራቼል,ሲንቲያ,2
3L84EBDQ370A7LH9RGVMKB2VA7WKKO-1,"ራቼል ውሻ ነበራት ነገር ግን የሲንቲያ ውሻ በቅርቡ ለማደጎ ተሰጥቷል, ስለዚህ _ የድሮ የውሻ ማሰሪያውን ተጠጣት.",ራቼል,ሲንቲያ,1
3ZTE0JGGCG6Q83P7HTIHV7U4IYFCO7-1,ጆን ከሎሚው መሸፈኛ ወይ መሙያ ይልቅ የቸኮሌቱን መሙያ እመርጣለሁ አለ ምክንያቱም _ ጥሩ ጣዕም ነበረው.,ቸኮሌቱ,ሎሚው,1
3ZTE0JGGCG6Q83P7HTIHV7U4IYFCO7-2,ጆን ከሎሚው መሸፈኛ ወይ መሙያ ይልቅ የቸኮሌቱን መሙያ እመርጣለሁ አለ ምክንያቱም _ መጥፎ ጣዕም ነበረው.,ቸኮሌቱ,ሎሚው,2
3SR6AEG6W5REP05IPATGGR1EG75YH1-1,ቤቲ ሁለት ቋንቋ ተናጋሪ ስትባል ራቼል ደግሞ ብዙ ቋንቋ ተናጋሪ ትባላለች ምክንያቱም _ ሁለት ቋንቋዎችን ብቻ መናገር ትችላለች.,ቤቲ,ራቼል,1
3SR6AEG6W5REP05IPATGGR1EG75YH1-2,ቤቲ ሁለት ቋንቋ ተናጋሪ ስትባል ራቼል ደግሞ ብዙ ቋንቋ ተናጋሪ ትባላለች ምክንያቱም _ ከሁለት በላይ ቋንቋዎችን መናገር ትችላለች.,ቤቲ,ራቼል,2
3WUVMVA7OB1ZK379FQL7DCNCEN9ZAB-2,በእረፍት ጊዜ ባለ 3 ኮከብ ሆቴል ነበር ያረፍነው እንጂ ባለ 5 ኮከብ ሆቴል አይደለም ምክንያቱም _ ሙሉ በሙሉ የተያዘ ነበር.,ባለ 3 ኮከብ ሆቴል,ባለ 5 ኮከብ ሆቴል,2
3WUVMVA7OB1ZK379FQL7DCNCEN9ZAB-1,በእረፍት ጊዜ ባለ 3 ኮከብ ሆቴል ነበር ያረፍነው እንጂ ባለ 5 ኮከብ ሆቴል አይደለም ምክንያቱም _ ሙሉ በሙሉ አልተያዘም ነበር.,ባለ 3 ኮከብ ሆቴል,ባለ 5 ኮከብ ሆቴል,1
363A7XIFV60X5816YR84K4YPG8JVAQ-2,"ሌባው ቦት ጫማ ውስጥ ድምጹን ማጥፋት ሲችል ነገር ግን በነጠላ ጫማ አልቻለም,ምክንያቱም _ ከላቁ ነገሮች የተሠራ ነበር.",ነጠላ ጫማ,ቦት ጫማ,2
363A7XIFV60X5816YR84K4YPG8JVAQ-1,"ሌባው ቦት ጫማ ውስጥ ድምጹን ማጥፋት ሲችል, ነገር ግን በነጠላ ጫማ አልቻለም, ምክንያቱም _ ጥራታቸው ካነሱ ነገሮች የተሠራ ነበር።",ነጠላ ጫማ,ቦት ጫማ,1
3LB1BGHFL2U4U9WDP4A5UA42WC8YTA-1,ማርጎት ትሰራ የነበረው ብርድ ልብስ ሙሉውን ቁም ሳጥን ይይዛል. ምክንያቱም _ ግዙፍ ነበር.,ብርድ ልብስ,ቁም ሳጥን,1
3LB1BGHFL2U4U9WDP4A5UA42WC8YTA-2,"ማርጎት ትሰራ የነበረው ብርድ ልብስ ሙሉውን ቁም ሳጥን ይይዛል, ምክንያቱም _ አነስተኛ ነበር.",ብርድ ልብስ,ቁም ሳጥን,2
3J9L0X0VDFKHLPSZCXN0IDIAR0OW9Y-2,የበጎ አድራጎት መዋጮህን ለቤተ ክርስቲያን ወይስ ለትምህርት ቤት ልትሰጥ ነው? የእኔን ለ _ እሰጣለሁ ብዬ አስባለሁ ምክንያቱም አዲስ ከኋላ መደገፍያ ያለው ረዥም አግዳሚ ወንበር ያስፈልጋቸዋል.,ትምህርት ቤት,ቤተ ክርስቲያን,2
3J9L0X0VDFKHLPSZCXN0IDIAR0OW9Y-1,"የበጎ አድራጎት መዋጮህን ለቤተ ክርስቲያን ወይስ ለትምህርት ቤት ልትሰጥ ነው? የእኔን ለ _ እሰጣለሁ ብዬ አስባለሁ, ምክንያቱም አዲስ ኮምፒውተሮች ያስፈልጋቸዋል..",ትምህርት ቤት,ቤተ ክርስቲያን,1
3IH9TRB0FDDWPE4631GSUEFS4CI1IC-2,የኦክ ዛፍ ማዕበሉን ተቋቋመ ግን ችግኙ ጠፋ. ይህ የሆነበት ምክንያት _ በጣም ደካማ ስለነበረ ነው.,የኦክ ዛፍ,ችግኙ,2
3IH9TRB0FDDWPE4631GSUEFS4CI1IC-1,የኦክ ዛፍ ማዕበሉን ተቋቋመ ግን ችግኙ ጠፋ. ይህ የሆነበት ምክንያት _ በጣም ጠንካራ ስለነበረ ነው.,የኦክ ዛፍ,ችግኙ,1
3N7PQ0KLI5N1PNHSAOSK5U8OFPL3EL-2,ቤንጃሚን ከዶናልድ የበለጠ የልጅነት ቀልድ ስለነበረው _ ዊፒ ትራስ ይጠላል.,ቤንጃሚን,ዶናልድ,2
3N7PQ0KLI5N1PNHSAOSK5U8OFPL3EL-1,ቤንጃሚን ከዶናልድ የበለጠ የልጅነት ቀልድ ስለነበረው _ ዊፒ ትራስ ይወዳል.,ቤንጃሚን,ዶናልድ,1
3K8CQCU3KEZ2ARWTD7650EDUR71WNO-2,"ጣፋጭ መብላት ለካሪ ትልቅ ችግር ነበር  ነገር ግን ለሬቤካ አይደለም, ለዚህ ነው _ ትንሽ ወገብ ያላት.",ካሪ,ሬቤካ,2
3K8CQCU3KEZ2ARWTD7650EDUR71WNO-1,"ጣፋጭ መብላት ለካሪ ትልቅ ችግር ነበር ነገር ግን ለሬቤካ አይደለም, ለዚህ ነው _ ትልቅ ወገብ ያላት.",ካሪ,ሬቤካ,1
3I01FDIL6OMM6O6GURFV809K39DD2J-2,በማይክል ቤት ዙሪያ ያለው መሬት ከአሮን በተለየ መልኩ ደረቅ ነበር ምክንያቱም _ የአንድ ወር ዝናብ ነበረው.,ማይክል,አሮን,2
3I01FDIL6OMM6O6GURFV809K39DD2J-1,በማይክል ቤት ዙሪያ ያለው መሬት ከአሮን በተለየ መልኩ ደረቅ ነበር ምክንያቱም _ የአንድ ወር ድርቅ ነበረው.,ማይክል,አሮን,1
3R5LWXWHR06BPZKX08PWCDI44HGXGE-1,"ሜጋን አንድ ጊዜ ሆስፒታል ከገቡ በኋላ አይ.ቪ ወደ ሳራ ክንድ አስገብቷል, ምክንያቱም _ ነርስ ነበረች.",ሜጋን,ሳራ,1
3R5LWXWHR06BPZKX08PWCDI44HGXGE-2,"ሜጋን አንድ ጊዜ ሆስፒታል ከገቡ በኋላ አይ.ቪ ወደ ሳራ ክንድ አስገብቷል, ምክንያቱም _ የውሃ እጥረት ነበረባት.",ሜጋን,ሳራ,2
3XD2A6FGFP838XAXCQPZDM3YANKS9H-2,ጠንከር ያለ ዝናብ እየዘነበ ነበር እና ባርኔጣው ተነከረ. ቀለሙ አንድ ላይ መቀላቀል ጀመረ. እናቱ _ ለማንኛውም አስቀያሚ ነው እና በጣም ብዙ ኮፍያዎች አሉት አለችው.,ኮፍያ,ቀለም,2
3XD2A6FGFP838XAXCQPZDM3YANKS9H-1,ጠንከር ያለ ዝናብ እየዘነበ ነበር እና ባርኔጣው ተነከረ. ቀለሙ አንድ ላይ መቀላቀል ጀመረ. እናቱ _ ለማንኛውም አስቀያሚ ነው እና በጣም ብዙ ቀለሞች አሉት አለችው.,ኮፍያ,ቀለም,1
385MDVINFETLLQ4FI7QDZ5KLBPRWJV-1,"መኝታ ቤቱ ቢሮውን በአዲሱ ቁም ሳጥን መተካት ነበረበት, _ ለአዲሶቹ ልብሶች በጣም ስለታጨቀ.",ቢሮው,ቁም ሳጥን,1
385MDVINFETLLQ4FI7QDZ5KLBPRWJV-2,"መኝታ ቤቱ ቢሮውን በአዲሱ ቁም ሳጥን መተካት ነበረበት, _ ለአዲሶቹ ልብሶች ሁሉ በጣም ሰፊ ስለነበር.",ቢሮው,ቁም ሳጥን,2
3DWGDA5POF2MHVPZIA3BH5HDMDGV1S-2,ሼፉ ሙዙን በኬኩ ውስጥ ለማስቀመጥ ቢሞክርም _ በጣም ትልቅ ነበር.,ኬኩ,ሙዙ,2
3DWGDA5POF2MHVPZIA3BH5HDMDGV1S-1,ሼፉ ሙዙን በኬኩ ውስጥ ለማስቀመጥ ቢሞክርም _ በጣም አነስተኛ ነበር.,ኬኩ,ሙዙ,1
3LB1BGHFL4AJOYVK92M5M8SBLAVTYY-1,ብሬት ከአሮን የበለጠ ወላጅ ለመሆን ዝግጁ ነው ምክንያቱም _ ከልጆች ጋር ብዙ ጊዜ አሳልፏል.,ብሬት,አሮን,1
3LB1BGHFL4AJOYVK92M5M8SBLAVTYY-2,ብሬት ከአሮን የበለጠ ወላጅ ለመሆን ተዘጋጅቷል ምክንያቱም _ ከልጆች ጋር ትንሽ ጊዜ ብቻ አሳልፏል.,ብሬት,አሮን,2
3IWA71V4TKUOMVUY8TSASKTOZWR6XV-2,_ በጣም ለም አፈር ስለነበራት ከታንያ በተለየ መልኩ ፓትሪሺያ የሚበቅል ጠንካራ ዝርያን መርጣለች,ፓትሪሺያ,ታንያ,2
3IWA71V4TKUOMVUY8TSASKTOZWR6XV-1,_ በጣም ድንጋያማ አፈር ስለነበራት ከታንያ በተለየ መልኩ ፓትሪሺያ የሚበቅል ጠንካራ ዝርያን መርጣለች.,ፓትሪሺያ,ታንያ,1
31MBOZ6PAOP38TN3K3QPBS22ZFKLCA-1,"ዶና  ከቤት ይልቅ በስራ ቦታ ብታነብ ትመርጣለች,  ምክንያቱም _ በጣም ጫጫታ አለ.",ቤት,ስራ ቦታ,1
31MBOZ6PAOP38TN3K3QPBS22ZFKLCA-2,"ዶና  ከቤት ይልቅ በስራ ቦታ ብታነብ ትመርጣለች, ምክንያቱም _ በጣም ጸጥ ያለ ነው.",ቤት,ስራ ቦታ,2
3PEG1BH7AEP9EIDFL3ITL8J5NFRKBC-2,ዶናልድ ብሬትን ወደ ፓሪስ ጋበዘው ምክንያቱም _ የሃገሩን ቋንቋ በትክክል መናገር ስለሚያውቅ ነው.,ዶናልድ,ብሬት,2
3PEG1BH7AEP9EIDFL3ITL8J5NFRKBC-1,ዶናልድ ብሬትን ወደ ፓሪስ ጋበዘው ምክንያቱም _ የሃገሩን ቋንቋ በትክክል መናገር ስለማይችል ነው.,ዶናልድ,ብሬት,1
3ZXNP4Z39RJXWCS7TMIEV6AOTL97LC-2,ማይክል ክሬግ የተከበረ ዶክተር መሆኑን ስላወቀ _ ብዙ ከጤና ጋር የተገናኙ ጥያቄዎች ተጠየቀ.,ማይክል,ክሬግ,2
3ZXNP4Z39RJXWCS7TMIEV6AOTL97LC-1,ማይክል ክሬግ የተከበረ ዶክተር መሆኑን ስላወቀ _ ብዙ ከጤና ጋር የተገናኙ ጥያቄዎች ጠየቀ.,ማይክል,ክሬግ,1
36QZ6V1589BMY0ZTQ38QHK23Y8MUSS-2,"ግሌንዳ ሁልጊዜ ማታ ከስፖርት መኪና ይልቅ የጣቢያው ፉርጎን ትነዳ ነበር, ምክንያቱም _ ደብዛዛ የፊት መብራቶች ስለነበሩት ነው.",የጣቢያው ፉርጎ,ስፖርት መኪና,2
36QZ6V1589BMY0ZTQ38QHK23Y8MUSS-1,"ግሌንዳ ሁልጊዜ ማታ ከስፖርት መኪና ይልቅ የጣቢያው ፉርጎን ትነዳ ነበር, ምክንያቱም _ ቦግ የሚሉ የፊት መብራቶች ስለነበሩት ነው.",የጣቢያው ፉርጎ,ስፖርት መኪና,1
3CIS7GGG67X0I6TI960LK1MWLVOUE1-2,"ራያን የኢያንን አሳማ በመኪናው ስለገጨው,  _  ከፍተኛ ሃዘን እንዲሰማው አድርጓል.",ራያን,ኢያን,2
3CIS7GGG67X0I6TI960LK1MWLVOUE1-1,"ራያን የኢያን ጊኒ አሳማን በመኪናው ስለግጨው, _ ከፍተኛ ጸጸት ተሰማው.",ራያን,ኢያን,1
3V8JSVE8YYO25QEGZ9LAVO41T4QEY9-1,"ማገሩ ከምሰሶው በላይ እንዳይወድቅ መከላከል ቀላል ነበር, ምክንያቱም _ ከባድ ነበር.",ምሰሶው,ማገሩ,1
3V8JSVE8YYO25QEGZ9LAVO41T4QEY9-2,"ማገሩ ከምሰሶው በላይ እንዳይወድቅ መከላከል ቀላል ነበር, ምክንያቱም _ ቀላል ነበር.",ምሰሶው,ማገሩ,2
3D3B8GE892PR1GVY0B95QJAETLY9PO-2,በካምፕ ጉዞ ላይ ለመዝናናት ለጆኤል ቀላል ነበር ለኬቨን ግን አልነበረም ምክንያቱም _ ከቤት ውጭ እንዴት እንደሚዝናኑ አልተማረም.,ጆኤል,ኬቨን,2
3D3B8GE892PR1GVY0B95QJAETLY9PO-1,በካምፕ ጉዞ ላይ ለመዝናናት ለጆኤል ቀላል ነበር ለኬቨን ግን አልነበረም ምክንያቱም _ ከቤት ውጭ እንዴት እንደሚዝናኑ አልተማረም.,ጆኤል,ኬቨን,1
39TX062QX1MAVN895TICTJTVVXM3XO-2,"ዴኒስ ከክርስቶፈር በጣም ከፍ ያለ የቴስቶስትሮን መጠን ነበረው, ስለዚህ _ ልጆች መውለድ ስለመቻሉ መጨነቅ ጀመረ.",ዴኒስ,ክርስቶፈር,2
39TX062QX1MAVN895TICTJTVVXM3XO-1,"ዴኒስ ከክርስቶፈር በጣም ከፍ ያለ የቴስቶስትሮን መጠን ነበረው, ስለዚህ _ ልጆች መውለድ ስለመቻሉ አልተጨነቀም.",ዴኒስ,ክርስቶፈር,1
31ODACBENUDU67SC9UOL7J5EQ59SQ9-1,ከሳማንታ ይልቅ ፈረንሳይኛ የማጥናት ችሎታ ለአንጄላ ቀላል ሆኗል ምክንያቱም _ ጠንካራ የቋንቋ እውቀት ስለነበራት ነው.,አንጄላ,ሳማንታ,1
31ODACBENUDU67SC9UOL7J5EQ59SQ9-2,ከሳማንታ ይልቅ ፈረንሳይኛ የማጥናት ችሎታ ለአንጄላ ቀላል ሆኗል ምክንያቱም _ ጠንካራ የቋንቋ ዳራ ስላልነበራት ነው.,አንጄላ,ሳማንታ,2
33P2GD6NRP6YZKF85T4PZHACDA8KHK-1,"ኤሚሊ በቢሊያርድ አዳራሽ የምትጠቀምበት የመጫወቻ እንጨት ቤቲ ከምትጠቀምበት የበለጠ ጠመኔ ተሟሿል; ስለዚህ, _ በምትጫወትበት ጊዜ ምንም እንከን የለሽ ነበረች.",ኤሚሊ,ቤቲ,1
33P2GD6NRP6YZKF85T4PZHACDA8KHK-2,"ኤሚሊ በቢሊያርድ አዳራሽ የምትጠቀምበት የመጫወቻ እንጨት ቤቲ ከምትጠቀምበት የበለጠ ጠመኔ ተሟሿል; ስለዚህ, _ በምትጫወትበት ጊዜ ትቸገር ነበር.",ኤሚሊ,ቤቲ,2
3PCPFX4U40OL22NQ3AOM0KMZ1DNFQH-1,ካትሪና የሰላጣ ጣዕም ትወዳለች. አንጄላ ግን አትወድም. _ ለእራት አንድ ትልቅ ሰላጣ አዘዘች.,ካትሪና,አንጄላ,1
3PCPFX4U40OL22NQ3AOM0KMZ1DNFQH-2,ካትሪና የሰላጣ ጣዕም ትወዳለች. አንጄላ ግን አትወድም. _ ለእራት አንድ ትልቅ ስጋ አዘዘች.,ካትሪና,አንጄላ,2
3PKVGQTFIHIREUJLLF5AUV3K8WLRYA-1,"ጄሰን  የፍርድ ቤት መጥሪያ እና የፍርድ ቤት ማዘዣ ለማቅረብ ወደ ስቲቨን ቀረበ, ምክንያቱም _ እንደ ሂደት አገልጋይ ተቀጥሮ ነበር.",ጄሰን,ስቲቨን,1
3PKVGQTFIHIREUJLLF5AUV3K8WLRYA-2,"ጄሰን  የፍርድ ቤት መጥሪያ እና የፍርድ ቤት ማዘዣ ለማቅረብ ወደ ስቲቨን ቀረበ, ምክንያቱም _ እየተከሰሰ ነበር.",ጄሰን,ስቲቨን,2
3PN6H8C9R64BBR1K768AEISIFNKDAL-2,እናትየው ለእርግዝናዋ ሁል ጊዜ መጽሃፍ ታማክራለች ምክንያቱም _ ብዙ መረጃ ነበርው.,እርግዝናዋ,መጽሃፍ,2
3PN6H8C9R64BBR1K768AEISIFNKDAL-1,እናትየው ለእርግዝናዋ ሁል ጊዜ መጽሃፍ ታማክራለች ምክንያቱም _ ከባድ ነበር.,እርግዝናዋ,መጽሃፍ,1
3DGDV62G7QNVVL96Z06Q8UQ9HIVP24-2,ማኒ ለማደሪያው አዲስ የውሻ አልጋ ገዝቶ ሊያስገባው ሲሞክር ቅር ተሰኝቶ ነበር. _ በጣም ትንሽ ነበር.,የውሻ አልጋ,ማደሪያው,2
3DGDV62G7QNVVL96Z06Q8UQ9HIVP24-1,ማኒ ለማደሪያው አዲስ የውሻ አልጋ ገዝቶ ሊያስገባው ሲሞክር ቅር ተሰኝቶ ነበር. _ በጣም ትልቅ ነበር.,የውሻ አልጋ,ማደሪያው,1
3SZYX62S5GYJUNPM1Z27EHER7V975O-2,"ናታሊ ሞኒካን ወደ ህክምና ፕሮግራም እንድትገባ ረድታታለች, _ የአደንዛዥ ዕፅ ሱሰኛ እነደሆነች ከተናገረች በኋላ ነው.",ናታሊ,ሞኒካ,2
3SZYX62S5GYJUNPM1Z27EHER7V975O-1,"ናታሊ ሞኒካን ወደ ህክምና ፕሮግራም እንድትገባ ረድታታለች, _ የአደንዛዥ ዕፅ ሱሰኛ እነደሆነች ከሰማች በኋላ ነው.",ናታሊ,ሞኒካ,1
30OITAWPBSHEIOWH1WD098WV0469HX-1,"ኔልሰን ያለ ዴኒስ ወደ ሀኪሙ ቢሮ ሄዷል, ምክንያቱም _ የመድሃኒት ማዘዣ ማስቀየር ነበረበት.",ኔልሰን,ዴኒስ,1
30OITAWPBSHEIOWH1WD098WV0469HX-2,ኔልሰን ያለ ዴኒስ ወደ ሀኪሙ ቢሮ ሄዷል ምክንያቱም _ የሞተር ዘይት መቀየር ነበረበት.,ኔልሰን,ዴኒስ,2
30Y6N4AHYPUOGJOUPJIWHATJQ5TDRW-2,ፈረሱ ከጋጣው በላይ ግጦሹን ይመርጣል ምክንያቱም በ _ ውስጥ ለመዘርጋት ያለው ቦታ ትንሽ ነው.,ግጦሹ,ጋጣው,2
30Y6N4AHYPUOGJOUPJIWHATJQ5TDRW-1,ፈረሱ ከጋጣው በላይ ግጦሹን ይመርጣል ምክንያቱም በ _ ውስጥ ለመዘርጋት ያለው ቦታ ሰፊ ነው.,ግጦሹ,ጋጣው,1
3KQC8JMJGE6S3M71KNCQIVT908NH37-2,_ በጣም ትልቅ በመሆናቸው የቅንድብ ማስተካከያ በቅንድቧ ላይ መጠቀም አልቻለችም.,ቅንድቧ,የቅንድብ ማስተካከያ,2
3KQC8JMJGE6S3M71KNCQIVT908NH37-1,_ በጣም ትንስ በመሆናቸው የቅንድብ ማስተካከያ በቅንድቧ ላይ መጠቀም አልቻለችም.,ቅንድቧ,የቅንድብ ማስተካከያ,1
37VE3DA4YUFICSC7FIFW8G3D0EBBHO-2,ኢየን ኬቨን በግብር እንዲረዳቸው ጠይቆታል ምክንያቱም _ ስኬታማ እና የሰለጠነ የሂሳብ ባለሙያ ነበር.,ኢየን,ኬቨን,2
37VE3DA4YUFICSC7FIFW8G3D0EBBHO-1,ኢየን በግብር እንዲረዳቸው በኬቨን ተጠይቛል ምክንያቱም _ ስኬታማ እና የሰለጠነ የሂሳብ ባለሙያ ነበር.,ኢየን,ኬቨን,1
3ROUCZ907H8RHSMA7YR8Q7OM9ZFOOB-1,"የስካር መንፈስ በጣም መጥፎ ነው, ግን እንደ ራስ ምታት መጥፎ አይደለም, ምክንያቱም _ በፍጥነት ይድናል.",የስካር መንፈስ,ራስ ምታት,1
3ROUCZ907H8RHSMA7YR8Q7OM9ZFOOB-2,"የስካር መንፈስ በጣም መጥፎ ነው, ግን እንደ ራስ ምታት መጥፎ አይደለም, ምክንያቱም _ ይቆያል.",የስካር መንፈስ,ራስ ምታት,2
3IJ95K7NDXA6D56TY22NEBR624CNGS-1,"ናታሊ ትርፍ ልብስ ስላላት ጄኒፈር ልብስ ያስፈልጋት ስለነበር, _ ከሱቅ ልብሶችን ገዛች.",ጄኒፈር,ናታሊ,1
3IJ95K7NDXA6D56TY22NEBR624CNGS-2,"ናታሊ ትርፍ ልብስ ስላላት ጄኒፈር ልብስ ያስፈልጋት ስለነበር, _ ለሱቅ ልብሶችን ሰጠች.",ጄኒፈር,ናታሊ,2
3VADEH0UHEBO0KQ4TFLWZC3DGTESPT-2,ለኬክ የሚሆን የመጋገሪያ ዱቄት እንዳለው አገኘ. ስለዚህ _ ስለ ሞላ መጋገሪያ ሶዳ ከጎረቤቱ ወስዷል.,መጋገሪያ ሶዳ,መጋገሪያ ዱቄት,2
3VADEH0UHEBO0KQ4TFLWZC3DGTESPT-1,ለኬክ የሚሆን የመጋገሪያ ዱቄት እንዳለው አገኘ. ስለዚህ _ ስለላለቀ መጋገሪያ ሶዳ ከጎረቤቱ ወስዷል.,መጋገሪያ ሶዳ,መጋገሪያ ዱቄት,1
3IYI9285WUEC7SYA1GQCNBDJKKNJCC-1,ጀስቲን ከክሬግ በተለየ በጊታር ሙዚቃ በመጫወት በጣም ጎበዝ ነበር. ምክንያቱም _ ሙዚቀኛ ነበር.,ጀስቲን,ክሬግ,1
3IYI9285WUEC7SYA1GQCNBDJKKNJCC-2,ጀስቲን ከክሬግ በተለየ በጊታር ሙዚቃ በመጫወት በጣም ጎበዝ ነበር ምክንያቱም _ ስፖርተኛ ነበር.,ጀስቲን,ክሬግ,2
3D1UCPY6GINZAB68HJIK5I0AXUH388-2,ሺላ ፀጉሯን ከማስተካከሏ በፊት የጠፍጣፋ ብረትዋን የሙቀት መጠን አልመረመረችም ስለዚህ _ተጠበሰ.,ብረትዋ,ፀጉሯ,2
3D1UCPY6GINZAB68HJIK5I0AXUH388-1,ሺላ ፀጉሯን ከማስተካከሏ በፊት የጠፍጣፋ ብረትዋን የሙቀት መጠን አልመረመረችም. _የጋለ ነበር.,ብረትዋ,ፀጉሯ,1
36KM3FWE3TQZT52SOR8VPK69K5E70Y-2,ካሊ ጊታርን ከተለማመደችው በላይ ዳንስ ተለማምዳለች. ምንም እንኳን የሚቀጥለው ሳምንት ዝግጅት ለ_ ነበር.,ዳንስ,ጊታር,2
36KM3FWE3TQZT52SOR8VPK69K5E70Y-1,ካሊ ጊታርን ከተለማመደችው በላይ ዳንስ ተለማምዳለች. ምክኒያቱም የሚቀጥለው ሳምንት ዝግጅት ለ_ ነበር.,ዳንስ,ጊታር,1
334ZEL5JX8T6FKE3EF8HACYN590OSV-2,የውሻው ፀጉር በጭቃው ውስጥ ከተጣበቀ በኋላ መወገድ ነበረበት ምክንያቱም _ ንጹህ ነበር.,ጭቃው,ፀጉር,2
334ZEL5JX8T6FKE3EF8HACYN590OSV-1,የውሻው ፀጉር በጭቃው ውስጥ ከተጣበቀ በኋላ መወገድ ነበረበት ምክንያቱም _ አስጠሊ ነበር.,ጭቃው,ፀጉር,1
3NCN4N1H1IVPGDXP2EM95YOIBOFNBA-2," _ በሰዎች መካከል ሰላም ስለነበረው, ሽብርተኝነት በገጠር ውስጥ አሳሳቢ ነበር, ነገር ግን በከተማው ውስጥ ብዙም ችግር አይደለም.",ገጠር,ከተማ,2
3NCN4N1H1IVPGDXP2EM95YOIBOFNBA-1," _ በሰዎች መካከል ብዙ ግጭት ስለነበረው, ሽብርተኝነት በገጠር ውስጥ አሳሳቢ ነበር, ነገር ግን በከተማው ውስጥ ብዙም ችግር አይደለም.",ገጠር,ከተማ,1
3OEWW2KGQJ9LJ6WEXR1SNFOEAZPDOW-1,"ጄሰን ራሰ በራ ነበር ነገር ግን ሃንተር ሙሉ ፀጉር ነበረው, ስለዚህ _ የፀጉር ቅባት መግዛት አያስፈልግም ነበር.",ጄሰን,ሃንተር,1
3OEWW2KGQJ9LJ6WEXR1SNFOEAZPDOW-2,"ጄሰን ራሰ በራ ነበር, ነገር ግን ሃንተር ሙሉ ፀጉር ነበረው, ስለዚህ _ የፀጉር ቅባት መግዛት ያስፈልገው ነበር.",ጄሰን,ሃንተር,2
3VI0PC2ZA0YEB1028PE49KFFLXYXOR-1,"ፀጉሩ በአጭሩ ውስጥ አልሰራም, ነገር ግን በረጅሙ ውስጥ በጣም ጥሩ ይመስላል.  _አስቀያሚ ነበር.",አጭሩ,ረጅሙ,1
3VI0PC2ZA0YEB1028PE49KFFLXYXOR-2,"ፀጉሩ በአጭሩ ውስጥ አልሰራም, ነገር ግን በረጅሙ ውስጥ በጣም ጥሩ ይመስላል.  _ቆንጆ ነበር.",አጭሩ,ረጅሙ,2
3W5PY7V3UP5AG608DAW1S4HTYEGJYX-1,አጫጭር እንጨቶችን ለመደርደር ነገ ሙሉ ቀን ይወስዳቸዋል. ረጃጅሞቹ ለጥቂት ሰዓታት ተደረደሩ. _ ያሉት በደንብ ይታያሉ.,ረጃጅሞቹ,አጫጭሮቹ,1
3W5PY7V3UP5AG608DAW1S4HTYEGJYX-2,አጫጭር እንጨቶችን ለመደርደር ነገ ሙሉ ቀን ይወስዳቸዋል. ረጃጅሞቹ ለጥቂት ሰዓታት ተደረደሩ. _ ያሉት በደንብ አይታዩም.,ረጃጅሞቹ,አጫጭሮቹ,2
3KA7IJSNW8JPJY92ITZ19NTCAWUBPR-1,ደመናው በሰዎች ላይ ታላቅ ፍርሃትን ቀስቅሷል. የጠራ ሰማይ እግሞ ያረጋጋቸዋል. ምክንያቱም _ በጣም የሚፈራ ነበር.,ደመናው,የጠራው ሰማይ,1
3KA7IJSNW8JPJY92ITZ19NTCAWUBPR-2,ደመናው በሰዎች ላይ ታላቅ ፍርሃትን ቀስቅሷል. የጠራው ሰማይ ደግሞ ያረጋጋቸዋል. ምክንያቱም _ ደስ የሚል ነበር.,ደመናው,የጠራው ሰማይ,2
32TZXEA1ONY2H75RICEO0D59YXA14V-2,በሽታው በጣም ተላላፊ ነበር. ልብሶቹና ቤቱ መቃጠል ነበረበት. _ ተበላሽተዋል.,ቤቱ,ልብሶቹ,2
32TZXEA1ONY2H75RICEO0D59YXA14V-1,በሽታው በጣም ተላላፊ ነበር. ልብሶቹና ቤቱ መቃጠል ነበረበት. _ ግዙፍ ነበር.,ቤቱ,ልብሶቹ,1
30QQTY5GMKI0F2F120AFMT67BR6U7W-1,ዲና _ ጤነኛ እንደሆነ ስላሰበች በአይስ ክሬም ፈንታ ልጆቿን እርጎ ትመግባለች.,እርጎ,አይስ ክሬም,1
30QQTY5GMKI0F2F120AFMT67BR6U7W-2,ዲና _ ጤነኛ እንዳልሆነ ስላሰበች በአይስ ክሬም ፈንታ ልጆቿን እርጎ ትመግባለች.,እርጎ,አይስ ክሬም,2
3A3KKYU7P3FWS9BT16R5NZOURYHMW7-1,ሄዘር ለሴት ልጆቿ አሻንጉሊት ገዛች. ማስቀመጫው አሻንጉሊቱ የማይመጥነው ነው. _ በጣም ትንሽ ነበር.,ማስቀመጫው,አሻንጉሊቱ,1
3A3KKYU7P3FWS9BT16R5NZOURYHMW7-2,ሄዘር ለሴት ልጆቿ አሻንጉሊት ገዛች. ማስቀመጫው አሻንጉሊቱ የማይመጥነው ነው. _ በጣም ትልቅ ነበር.,ማስቀመጫው,አሻንጉሊቱ,2
3FDWKV9VCPGYUULVQ4O4X9R6VHMUM4-2,ተጨማሪ እቃዎችን ከገዙ በኋላ የወጥ ቤቱን ካቢኔ ማዘመን አለባቸው. ምክንያቱም _ ከመጠን በላይ ስለሆኑ ነው.,ካቢኔ,እቃዎች,2
3FDWKV9VCPGYUULVQ4O4X9R6VHMUM4-1,ተጨማሪ እቃዎችን ከገዙ በኋላ የወጥ ቤቱን ካቢኔ ማዘመን አለባቸው. ምክንያቱም _ ትንሽ ስለሆነ ነው.,ካቢኔ,እቃዎች,1
35YHTYFL1G1D7AJ7P9IW67L7IASVFR-1,"ሮበርት የፀጉር መርገፍ እያጋጠመው ስለነበረ እና ብሪያን ግን አላጋጠመውም,  _ በፀጉሩ ይቀና ነበር.",ሮበርት,ብሪያን,1
35YHTYFL1G1D7AJ7P9IW67L7IASVFR-2,"ምንም እንኳን ሮበርት የፀጉር መርገፍ ቢያጋጥመውም ብሪያን ግን አላጋጠመውም,  _ በፀጉሩ ይቀና ነበር.",ሮበርት,ብሪያን,2
31GN6YMHLR6EKTN551ZRR6B98MFSWD-1,የመጸዳጃ ወረቀት ጥቅልል ​​ቱቦ እና ቀለም በመጠቀም ቢራቢሮ ለመሥራት ፈለገች. ነገር ግን _ በጣም ትንሽ ስለነበር መጨረስ አልቻለችም.,ቀለም,ቱቦ,1
31GN6YMHLR6EKTN551ZRR6B98MFSWD-2,የመጸዳጃ ወረቀት ጥቅልል ​​ቱቦ እና ቀለም በመጠቀም ቢራቢሮ ለመሥራት ፈለገች. ነገር ግን _ በጣም ትልቅ ስለነበር መጨረስ አልቻለችም.,ቀለም,ቱቦ,2
3X52SWXE0ZJYDCY98F9RC17QLFAWCT-2,ላውረንስ ከበረዶው አውሎ ንፋስ በኋላ የመኪና መንገዱን በአካፋ አደጸዳ. አሮን ግን ይህን ከማድረግ ተቆጥቧል. ስለዚህ _ በበረዶ የተሸፈነ የመኪና መንገድ ነበረው.,ላውረንስ,አሮን,2
3X52SWXE0ZJYDCY98F9RC17QLFAWCT-1,ላውረንስ ከበረዶው አውሎ ንፋስ በኋላ የመኪና መንገዱን በአካፋ አደጸዳ. አሮን ግን ይህን ከማድረግ ተቆጥቧል. ስለዚህ _ በረዶ የሌለው የመኪና መንገድ ነበረው.,ላውረንስ,አሮን,1
3HEM8MA6HBQCN4BR1BWR4COBWICQP7-1,ካቲ ከድመቷ የበለጠ ከውሻዋ ጋር ጠንካራ ግንኙነት ተሰማት ምክንያቱም የሷ _ በጣም የትቀራረብም ነበረች.,ድመቷ,ውሻዋ,1
3HEM8MA6HBQCN4BR1BWR4COBWICQP7-2,ካቲ ከድመቷ የበለጠ ከውሻዋ ጋር ጠንካራ ግንኙነት ተሰማት ምክንያቱም የሷ _ በጣም ተቀራራቢ ነበረች.,ድመቷ,ውሻዋ,2
3TKXBROM5VO3KVKATQMYYEBDWK1IJU-2,ፓትሪሺያ ሁል ጊዜ ለአንጄላ ታጸዳለች. ምክንያቱም _ በቆሻሻ መኖር ግድ አልነበራትም.,ፓትሪሺያ,አንጄላ,2
3TKXBROM5VO3KVKATQMYYEBDWK1IJU-1,ፓትሪሺያ ሁል ጊዜ ለአንጄላ ታጸዳለች. ምክንያቱም _ በቆሻሻ ውስጥ መኖር አትፈልግም.,ፓትሪሺያ,አንጄላ,1
3M93N4X8HM1SE9N6Y2GC2GH17WPJS5-1,ማይክል ጠረጴዛን ለማንቀሳቀስ እንዲረዳው ብሬትን ጠየቀ. _ ብቻውን ማድረግ አይችልም ነበር.,ማይክል,ብሬት,1
3M93N4X8HM1SE9N6Y2GC2GH17WPJS5-2,ማይክል ጠረጴዛን ለማንቀሳቀስ እንዲረዳው ብሬትን ጠየቀ. _ ም ብቻውን ማድረግ ባልቻለ ነበር.,ማይክል,ብሬት,2
35ZRNT9RUKC2V3TOO07G24QACWE3OY-1,ጄኒፈር ሃሺሽ ማጨስ ትወድ ነበር. ነገር ግን ላውራ ሲጋራ ማጨስ ትወዳለች. _ የምትወደውን ነገር በአደባባይ በማጨሷ በአካባቢው እስር ቤት ገባች.,ጄኒፈር,ላውራ,1
35ZRNT9RUKC2V3TOO07G24QACWE3OY-2,ጄኒፈር ሃሺሽ ማጨስ ትወድ ነበር. ነገር ግን ላውራ ሲጋራ ማጨስ ትወዳለች. _ የምትወደውን ነገር በአደባባይ በማጨሷ በአካባቢው እስር ቤት ሳትገባ ቀረች.,ጄኒፈር,ላውራ,2
3QXFBUZ4ZKEJ8VQ2V3E9S6J0AZ5GUB-2,"ጄፍሪ በግል ዝግጅቱ ወቅት ሮበርት እየሰለለው እንደሆነ ያምን ነበር, ምክንያቱም _ ድብቅ ነበር.",ጄፍሪ,ሮበርት,2
3QXFBUZ4ZKEJ8VQ2V3E9S6J0AZ5GUB-1,"ጄፍሪ በግል ዝግጅቱ ወቅት ሮበርት እየሰለለው እንደሆነ ያምን ነበር, ምክንያቱም _ ተጠራጣሪ ነበር.",ጄፍሪ,ሮበርት,1
3K2CEDRACBZ40S7Z61MU0FHVN6HTMA-1,"ፍራንክ አዲስ መኪና ለመግዛት ብድር ለማግኘት ባንኩን ጎበኘ, እና _ በጣም ተጠራጣሪ ነበር.",ብድር,መኪና,1
3K2CEDRACBZ40S7Z61MU0FHVN6HTMA-2,"ፍራንክ አዲስ መኪና ለመግዛት ብድር ለማግኘት ባንኩን ጎበኘ, እና _ በጣም ደፋር ነበር.",ብድር,መኪና,2
3VZYA8PITQCK61O90YTYR0SCSTN506-1,_ አዲስ አስተማሪ ስለሆነ ጥሩ የክፍል ድባብ እንዴት መፍጠር እንደሚቻል ክሪስቶፈር የኢያንን ምክር ይፈልጋል.,ክሪስቶፈር,ኢያን,1
3VZYA8PITQCK61O90YTYR0SCSTN506-2,_ የቆየ አስተማሪ ስለሆነ ጥሩ የክፍል ድባብ እንዴት መፍጠር እንደሚቻል ክሪስቶፈር የኢያንን ምክር ይፈልጋል.,ክሪስቶፈር,ኢያን,2
3O2Y2UIUCQSZRZPVQ54P4YAQ27VFKP-2,ኤሚሊ በጉርምስና ማለፍ አስችግሯት ነበር ነገር ግን ክርስቲን አልተቸገረችም ምክንያቱም _ ብጉር የሚያስከትሉ በጣም ደካማ  የሆነ ሆርሞኖችን ነበሯት.,ኤሚሊ,ክርስቲን,2
3O2Y2UIUCQSZRZPVQ54P4YAQ27VFKP-1,ኤሚሊ በጉርምስና ማለፍ አስችግሯት ነበር ነገር ግን ክርስቲን አልተቸገረችም ምክንያቱም _ ብጉር የሚያስከትሉ በጣም ጠንካራ  የሆነ ሆርሞኖችን ነበሯት.,ኤሚሊ,ክርስቲን,1
3A520CCNWNY198GDJ37US2MULV6EAD-1,ሃንተር ቱሊፕን ይወዳል. እና ራያን ግን አይወድም. ስለዚህ _ ከሱቅ የተወሰነ ለመግዛት ሄደ.,ሃንተር,ራያን,1
3A520CCNWNY198GDJ37US2MULV6EAD-2,ሃንተር ቱሊፕን ይወዳል. እና ራያን ግን አይወድም. ስለዚህ _ ከሱቅ መግዛት አልፈለገም.,ሃንተር,ራያን,2
3H6W48L9F4N2DC86TMJX43IPRLBWPR-2,ቪክቶሪያ ፈጣን ማጓጓዣን ለመምረጥ ወሰነች. ካትሪና አላደረገችም. ስለዚህ _ ትዕዛዙን በመጨረሻ አገኘች.,ቪክቶሪያ,ካትሪና,2
3H6W48L9F4N2DC86TMJX43IPRLBWPR-1,ቪክቶሪያ ፈጣን ማጓጓዣን ለመምረጥ ወሰነች. ካትሪና አላደረገችም. ስለዚህ _ ትዕዛዙን በመጀመሪያ አገኘች.,ቪክቶሪያ,ካትሪና,1
3MD8CKRQZ11GDUNTJDG7C6C4J58RJ9-1,"_ ውጤታማ አስተማሪ ስለነበር, አስተማሪው ከፕሮፌሰሩ የበለጠ ለእንግሊዘኛ ጥናት ተስማሚ ነበር. ",አስተማሪው,ፕሮፌሰሩ,1
3MD8CKRQZ11GDUNTJDG7C6C4J58RJ9-2,"_ ውጤታማ አስተማሪ ስላልነበረ, አስተማሪው ከፕሮፌሰሩ የበለጠ ለእንግሊዘኛ ጥናት ተስማሚ ነበር. ",አስተማሪው,ፕሮፌሰሩ,2
3UEDKCTP9X416V9WSKID84LHXXOK76-2,ቪክቶሪያ ከኤሌና የበለጠ ፋሽን ነበራት. ምክንያቱም _ ሁልጊዜም ሸሚዟ ላይ ብናኝ መተው ያሳስባት ነበር.,ቪክቶሪያ,ኤሌና,2
3UEDKCTP9X416V9WSKID84LHXXOK76-1,ቪክቶሪያ ከኤሌና የበለጠ ፋሽን ነበራት. ግን _ ሁልጊዜም ሸሚዟ ላይ ብናኝ መተው ያሳስባት ነበር.,ቪክቶሪያ,ኤሌና,1
3EGKVCRQFY6JSC139GVKMEMPGCSBY6-2,ናታሊን የሚያስጨንቃት ካሪ ስለ የአጥንቷ ጤና ጥንቃቄ ማድረግ አለባት _ ስለሚመለከታት.,ካሪ,ናታሊ,2
3EGKVCRQFY6JSC139GVKMEMPGCSBY6-1, _  አረጋዊት ስለሆነች ናታሊ ስለምትጨነቅ ካሪ ስለ አጥንቷ ጤንነት መጠንቀቅ አለባት።,ካሪ,ናታሊ,1
3566S7OX5FXZ0UNAKACV3PPIOHJ17V-2,ማዕበሉ ጋራዡን አወደመው. ነገር ግን ቤቱን ሳይበላሽ ቀረ. ምክኒያቱም _ ከባህር ዳርቻው በጣም የራቀ ስለሆነ ነው.,ጋራዡ,ቤቱ,2
3566S7OX5FXZ0UNAKACV3PPIOHJ17V-1,ማዕበሉ ጋራዡን አወደመው. ነገር ግን ቤቱን ሳይበላሽ ቀረ. ምክኒያቱም _ ከባህር ዳርቻው በጣም ቅርብ ስለሆነ ነው.,ጋራዡ,ቤቱ,1
3HEM8MA6H9AXTFCKHDKRCE03806PQT-1,የሳይንስ ተማሪው ቴሌስኮፑን ተጠቅሞ ጋላክሲውን ለማየት ሞከረ. ነገር ግን _ ርቀቱ ብዙ ነበር.,ጋላክሲው,ቴሌስኮፑ,1
3HEM8MA6H9AXTFCKHDKRCE03806PQT-2,የሳይንስ ተማሪው ቴሌስኮፑን ተጠቅሞ ጋላክሲውን ለማየት ሞከረ. ነገር ግን _ አቅም አልነበረውም.,ጋላክሲው,ቴሌስኮፑ,2
